id,area_sqft,bedrooms,age_years,distance_km,price
h-0,863,5,10,14.8,3278970
h-1,1465,3,18,8.2,4600970
h-2,1116,4,30,20.7,3204375
h-3,2215,1,47,10.4,5869087
h-4,3174,1,23,13.6,9242518
h-5,758,5,40,19.3,2592359
h-6,973,3,14,29.1,2351860
h-7,1492,2,47,24.3,3615093
h-8,3241,3,12,2.0,10551068
h-9,2356,5,44,4.5,7891050
h-10,529,5,29,11.4,2226948
h-11,3707,5,38,17.7,11251722
h-12,1829,5,22,25.8,5583726
h-13,3556,4,40,23.2,10473781
h-14,3533,4,33,3.0,11235884
h-15,2596,5,23,29.9,7637305
h-16,3030,5,37,8.0,9815836
h-17,566,2,10,4.8,2062769
h-18,2769,5,9,18.6,8847051
h-19,1973,1,10,17.5,5657681
h-20,1712,4,17,15.1,5411340
h-21,2441,2,23,19.4,6874383
h-22,517,5,22,21.0,1860312
h-23,590,1,28,2.7,1587024
h-24,1426,1,31,12.5,3826432
h-25,1216,5,28,20.4,3935602
h-26,3512,5,34,17.2,10610624
h-27,2446,4,30,2.6,8061432
h-28,3979,5,46,10.7,12408245
h-29,1802,1,17,21.2,4808889
h-30,3561,5,47,29.1,10546972
h-31,539,4,1,12.7,2176875
h-32,2834,3,11,21.9,8355251
h-33,1742,5,31,21.6,5173871
h-34,3977,1,8,24.0,11462620
h-35,2993,3,17,9.9,9474105
h-36,1969,4,16,13.0,6212939
h-37,3059,1,39,3.5,9190898
h-38,3384,4,22,9.1,10509693
h-39,2426,4,9,17.6,7782719
h-40,3444,5,47,26.5,10277674
h-41,3415,2,47,11.2,9916561
h-42,1868,4,27,26.3,5399373
h-43,1286,2,36,0.3,4295942
h-44,2910,2,9,7.9,9151194
h-45,3919,5,12,12.1,12435756
h-46,1064,1,2,26.7,2705056
h-47,3409,4,6,24.7,10314479
h-48,2748,4,35,10.1,8540134
h-49,925,4,24,8.3,3319692
h-50,2132,3,29,3.3,6963689
h-51,906,1,34,16.8,1836221
h-52,851,2,0,6.1,2925806
h-53,3906,1,34,7.3,11322276
h-54,3483,1,33,15.2,9615242
h-55,2668,1,39,29.4,6749991
h-56,3809,3,25,9.6,11622433
h-57,2479,3,34,14.3,7472625
h-58,2707,2,31,22.7,7533756
h-59,527,3,6,6.2,2086327
h-60,3461,1,6,23.1,10024628
h-61,2758,2,13,3.7,8667616
h-62,2238,4,9,5.5,7416955
h-63,1453,3,15,0.9,5276046
h-64,492,5,24,28.9,1559210
h-65,1121,4,28,25.1,3081896
h-66,1136,4,27,27.3,3262082
h-67,2925,2,5,4.3,9297791
h-68,1471,4,8,11.4,5248190
h-69,1968,5,7,24.2,6504883
h-70,3823,5,34,0.8,12555061
h-71,3700,1,2,16.4,10751549
h-72,1356,1,17,24.6,3163113
h-73,910,2,42,8.9,2681343
h-74,3618,5,28,8.3,11715230
h-75,625,4,0,16.0,2248390
h-76,3535,4,9,0.1,11903918
h-77,2603,4,49,18.3,7685392
h-78,968,4,17,27.5,2653115
h-79,1827,5,12,17.6,5893347
h-80,3280,4,42,6.6,10153152
h-81,621,4,25,17.7,1891447
h-82,3333,2,15,27.0,9650382
h-83,718,4,1,27.5,2234724
h-84,509,1,37,16.7,941682
h-85,3290,2,5,20.7,9888941
h-86,1274,5,1,19.3,4760507
h-87,1423,1,13,20.0,3973729
h-88,3866,5,5,4.1,12805811
h-89,2393,3,10,18.4,7477269
h-90,2664,3,38,15.0,7583563
h-91,2412,3,28,22.2,7142439
h-92,2920,2,20,5.2,9140278
h-93,3730,1,12,25.2,10692430
h-94,1841,2,0,8.5,5995699
h-95,2127,4,39,10.3,6574077
h-96,2184,4,20,20.8,6774953
h-97,2108,4,16,0.7,7306254
h-98,3634,1,12,28.6,10168308
h-99,2874,5,22,15.3,9073719
h-100,476,2,8,17.3,1353879
h-101,3314,4,26,14.8,10142309
h-102,2604,2,38,2.0,7663157
h-103,1904,4,44,28.5,5144822
h-104,2849,4,30,7.2,8955481
h-105,418,4,43,28.0,598528
h-106,2211,5,32,0.2,7772437
h-107,1791,2,7,28.8,5074688
h-108,3211,5,14,25.7,9842275
h-109,1765,1,37,4.8,5285802
h-110,2490,5,44,20.7,7279644
h-111,538,2,29,25.9,823404
h-112,1810,2,38,16.2,5099941
h-113,1121,3,29,7.9,3562062
h-114,854,1,12,19.7,1934863
h-115,705,4,42,24.0,1896445
h-116,3555,2,0,0.6,11511534
h-117,1806,4,29,15.3,5793774
h-118,454,3,13,1.5,2093272
h-119,1709,2,40,23.5,4303385
h-120,2605,3,14,1.7,8498004
h-121,1732,4,22,7.9,5725235
h-122,1666,3,45,11.9,4838896
h-123,1826,4,33,0.3,6321450
h-124,2403,4,4,17.4,7829154
h-125,588,3,7,9.1,2090926
h-126,1707,2,21,0.7,5777174
h-127,3942,2,3,18.5,12028594
h-128,1483,1,25,26.6,3574167
h-129,2979,1,24,6.1,8594276
h-130,2939,2,21,8.3,8991300
h-131,3487,2,24,16.3,9984252
h-132,3147,5,4,19.0,9985491
h-133,1164,3,27,24.5,3177153
h-134,533,5,35,21.9,1670433
h-135,1962,2,37,16.7,5532101
h-136,3784,1,8,4.8,11380307
h-137,3626,5,6,9.3,11889929
h-138,2039,1,14,5.5,6340935
h-139,2141,1,17,10.5,6029650
h-140,3195,5,26,11.5,10034991
h-141,1383,3,44,5.7,4137936
h-142,3706,4,39,24.3,10925448
h-143,1453,3,24,7.4,4845563
h-144,1565,4,41,28.3,4025788
h-145,3917,4,16,6.7,12412439
h-146,2848,2,15,23.9,7970207
h-147,2680,2,10,22.2,7990092
h-148,3962,5,34,4.9,12541092
h-149,1431,5,11,3.6,5649024
h-150,893,4,37,5.4,3380331
h-151,610,3,44,14.2,1575250
h-152,1831,1,28,1.8,5546442
h-153,3264,3,15,19.8,9790623
h-154,1566,2,10,27.5,4419458
h-155,2887,1,36,28.9,7673470
h-156,3738,4,8,11.0,11831435
h-157,1859,1,39,26.4,4251617
h-158,613,2,21,13.1,1872885
h-159,845,3,34,4.0,3036192
h-160,1217,3,17,8.9,4287384
h-161,2528,3,15,2.2,8517002
h-162,1990,3,36,4.4,6020314
h-163,1843,2,22,19.2,5108663
h-164,3990,5,18,0.2,13077154
h-165,2498,5,13,2.3,8467294
h-166,735,4,17,29.4,1962596
h-167,3408,3,7,11.6,10843316
h-168,2827,5,31,1.9,9269894
h-169,2918,3,23,29.4,8377204
h-170,1948,4,21,0.3,6874679
h-171,2173,5,39,16.4,6985234
h-172,2695,2,1,3.3,8913330
h-173,2877,1,23,16.6,7900505
h-174,1085,4,3,16.8,3906253
h-175,766,4,0,15.5,2754920
h-176,3750,2,24,27.0,10730724
h-177,2854,2,21,19.4,8274932
h-178,3853,5,49,5.6,12179665
h-179,3315,3,17,5.6,10546557
h-180,823,4,6,16.9,3147356
h-181,3267,2,30,2.0,9815996
h-182,590,4,48,16.4,1795410
h-183,2325,2,14,25.5,6253074
h-184,1896,3,5,13.8,6150905
h-185,605,5,4,22.3,2122886
h-186,2966,4,45,5.9,9120145
h-187,1997,4,49,4.3,6315162
h-188,2152,1,14,19.7,5838967
h-189,789,4,4,28.2,2534971
h-190,3202,4,39,24.3,9238363
h-191,2448,4,45,12.6,7443383
h-192,3383,1,36,10.5,9679007
h-193,1616,2,36,27.1,4176533
h-194,2723,4,6,16.9,8892461
h-195,3068,3,30,10.7,9258424
h-196,1993,3,26,0.7,6597617
h-197,2068,3,8,23.1,6312780
h-198,2113,5,22,11.5,6934396
h-199,770,3,36,26.0,1776448
h-200,3878,4,28,7.1,11996410
h-201,3201,2,26,4.5,9901982
h-202,2994,2,14,24.4,8672701
h-203,2110,1,19,17.2,5680626
h-204,2356,1,10,15.0,6933546
h-205,3361,3,27,21.2,9664174
h-206,3269,3,28,25.5,9220828
h-207,3134,3,23,17.4,9273863
h-208,642,2,49,6.8,1852614
h-209,2588,1,19,0.0,7793821
h-210,2929,1,9,5.1,8864664
h-211,559,2,44,12.9,1326808
h-212,2963,4,34,14.0,8843936
h-213,2858,2,32,3.1,8697939
h-214,1896,4,31,27.6,5153193
h-215,3586,1,39,1.8,10722254
h-216,1418,5,35,29.5,4087021
h-217,3600,5,41,22.6,10738915
h-218,438,4,26,2.7,2158714
h-219,1018,1,20,24.0,2063661
h-220,666,1,7,2.9,2060969
h-221,2345,2,30,5.0,7382653
h-222,1461,4,13,15.8,4643355
h-223,3794,3,18,3.1,11742482
h-224,1204,2,27,22.2,2846769
h-225,2739,2,22,16.8,8147506
h-226,411,5,39,27.8,1199422
h-227,403,3,19,17.9,1335070
h-228,3731,3,17,29.6,10840717
h-229,2311,4,18,8.9,7502692
h-230,1054,4,22,20.2,3490208
h-231,1775,2,21,8.4,5388483
h-232,2415,2,31,22.2,6704181
h-233,3472,4,8,17.9,10661781
h-234,436,3,49,15.7,707809
h-235,1555,5,31,14.4,5210849
h-236,2966,2,21,18.5,8621433
h-237,3636,5,8,28.6,10970282
h-238,3708,2,30,1.6,11184487
h-239,2352,4,42,7.4,7586958
h-240,3608,5,13,26.5,11161896
h-241,1792,2,9,25.5,5020184
h-242,3080,4,12,17.6,9626299
h-243,1502,5,43,3.4,4986274
h-244,1293,4,39,17.5,3616300
h-245,2441,4,35,2.7,7733873
h-246,3863,1,1,23.1,10912328
h-247,1755,5,13,15.6,5782832
h-248,2938,4,1,5.1,9673839
h-249,748,5,5,11.9,3366708
h-250,2134,2,40,4.4,6275061
h-251,1155,1,19,10.3,3409379
h-252,2328,1,41,27.5,5618829
h-253,1885,4,19,18.9,5891135
h-254,1098,5,14,24.3,3801337
h-255,2129,2,27,19.5,5941451
h-256,1551,4,47,27.0,4365330
h-257,1657,3,13,13.5,5083890
h-258,1161,5,25,15.2,4025929
h-259,482,4,4,17.4,1800515
h-260,3131,1,34,27.4,8401903
h-261,738,2,15,7.9,2669032
h-262,2645,5,18,12.0,8511114
h-263,1289,4,42,2.7,4330466
h-264,1277,5,41,17.3,4203317
h-265,528,4,33,1.5,2491023
h-266,1813,5,44,24.7,5177979
h-267,2503,1,2,0.4,7742071
h-268,1208,2,3,16.8,3452939
h-269,431,5,26,22.9,1298690
h-270,1721,3,32,6.5,5468436
h-271,3297,4,32,6.2,10597329
h-272,3804,2,2,28.8,10809567
h-273,3115,3,34,27.7,8501665
h-274,1351,4,5,18.9,4368153
h-275,3138,1,40,14.5,8674559
h-276,1574,5,7,23.4,5332415
h-277,1840,2,12,20.3,5064563
h-278,1674,1,4,25.1,4686673
h-279,1892,4,8,0.7,6691755
h-280,831,3,5,19.2,2454703
h-281,3392,1,27,7.7,10105861
h-282,3620,5,46,27.0,10734603
h-283,1448,4,17,12.7,4991904
h-284,1098,4,20,9.1,3785131
h-285,2204,4,17,5.2,7588181
h-286,3890,3,22,13.6,11887024
h-287,1396,5,31,2.6,5041156
h-288,2922,4,9,1.2,9590834
h-289,3047,5,23,19.7,9489191
h-290,2955,1,36,24.8,7652090
h-291,3948,2,44,5.7,11540316
h-292,2783,1,30,12.8,7999687
h-293,1440,3,44,26.5,3507630
h-294,1745,3,43,7.3,5114831
h-295,3195,4,29,4.1,10448803
h-296,2575,3,36,21.0,7421216
h-297,2672,2,15,18.3,8055445
h-298,3459,2,10,14.9,10234051
h-299,2123,2,4,11.1,6485707
h-300,3850,5,47,11.2,11720154
h-301,3226,2,4,23.2,9480574
h-302,771,2,17,4.2,2493480
h-303,2739,1,22,11.3,7790196
h-304,3437,2,3,3.3,10926685
h-305,1433,3,45,10.0,4360110
h-306,911,3,9,17.9,2869494
h-307,1060,5,12,14.7,3869633
h-308,2649,2,40,23.0,7034956
h-309,1761,5,47,21.9,5226177
h-310,1099,3,20,5.2,3821193
h-311,3001,2,17,5.0,9234331
h-312,2019,2,33,24.8,5245687
h-313,2755,1,25,0.9,8568668
h-314,1054,2,29,29.5,2168044
h-315,677,4,38,5.1,2564483
h-316,1664,1,27,3.9,4801208
h-317,2229,5,24,11.6,7452535
h-318,1275,1,44,1.8,3447348
h-319,2827,3,29,29.2,7728847
h-320,2138,2,16,3.1,7032267
h-321,2517,1,24,7.5,7556275
h-322,3150,1,42,26.5,8264561
h-323,2996,2,2,9.2,9278624
h-324,1263,5,33,17.6,4283787
h-325,1452,3,37,25.4,3988056
h-326,3224,4,21,0.0,10369497
h-327,2931,2,6,7.5,9258685
h-328,2179,1,21,17.9,6138012
h-329,3056,3,26,9.0,9453125
h-330,1590,5,37,9.4,5094272
h-331,1184,1,48,17.4,2696739
h-332,3166,4,27,18.2,9701011
h-333,1734,3,7,11.4,5646880
h-334,757,3,23,12.2,2572458
h-335,821,2,27,27.4,1782221
h-336,511,3,3,24.3,1578355
h-337,1152,4,10,25.9,3415355
h-338,501,2,37,8.3,1180348
h-339,3234,2,32,6.8,9495008
h-340,3186,2,8,7.0,9703796
h-341,1419,1,11,8.3,4507447
h-342,3293,1,45,16.5,9052663
h-343,2229,5,42,15.4,7136696
h-344,677,3,20,10.7,2541267
h-345,913,2,37,17.8,2440798
h-346,884,1,40,16.2,2067881
h-347,2661,1,32,4.8,7568755
h-348,1353,1,31,24.2,3176722
h-349,2355,2,20,22.3,6429574
h-350,1453,2,3,23.0,4137006
h-351,2594,3,27,18.3,7545069
h-352,931,5,1,19.2,3651948
h-353,922,4,10,29.3,2625117
h-354,1868,3,38,20.4,5097070
h-355,881,3,46,17.5,2495367
h-356,1495,4,48,5.4,4606956
h-357,1317,3,12,24.7,3880960
h-358,2587,2,30,4.3,7830557
h-359,3736,4,25,26.8,10761945
h-360,1078,3,12,8.1,3847166
h-361,3719,1,8,27.5,10676755
h-362,2110,1,34,22.8,5255056
h-363,1624,1,33,18.6,3928566
h-364,2238,5,4,12.4,7533353
h-365,1889,4,25,9.3,6065640
h-366,1146,1,10,1.6,3535269
h-367,3981,1,46,8.2,11575574
h-368,3047,1,8,0.9,9432899
h-369,774,3,46,2.7,2309035
h-370,2950,1,40,26.9,7873953
h-371,813,1,21,26.8,1547776
h-372,3077,2,12,1.2,9755541
h-373,3902,2,8,20.3,11439083
h-374,1629,4,22,25.5,4874276
h-375,1509,2,19,0.1,4837749
h-376,3398,2,23,13.7,9978722
h-377,3328,2,11,8.7,10185831
h-378,1566,5,10,1.0,5786383
h-379,564,3,23,18.9,1464208
h-380,2141,3,42,11.7,6316978
h-381,1735,5,41,1.7,6109494
h-382,2422,1,23,25.3,6402008
h-383,1261,4,23,16.3,4135217
h-384,1158,4,6,9.2,4294877
h-385,3154,1,44,14.1,8559044
h-386,2287,2,34,8.2,6582186
h-387,2245,2,23,13.6,6764779
h-388,410,1,35,24.2,365608
h-389,1166,4,19,25.6,3447798
h-390,3921,1,22,0.5,12148202
h-391,2077,3,20,15.8,6333386
h-392,1256,4,13,9.0,4301965
h-393,1526,5,46,23.5,4610252
h-394,2406,2,24,21.5,6730894
h-395,1780,1,13,29.4,4640356
h-396,2450,4,37,17.4,7266977
h-397,2122,1,30,26.3,5588041
h-398,2296,5,9,10.3,7916722
h-399,2099,4,9,23.3,6555175
h-400,1584,4,30,24.9,4619777
h-401,695,2,38,10.5,2003970
h-402,1787,2,11,11.6,5329340
h-403,3695,2,40,4.6,11082536
h-404,3115,3,20,3.3,10037772
h-405,1265,1,4,21.6,3277083
h-406,854,2,18,2.0,3150866
h-407,1772,5,0,7.4,6446220
h-408,799,2,8,15.3,2193508
h-409,3011,3,5,8.1,9691492
h-410,1119,3,36,7.8,3520985
h-411,1896,4,9,24.3,5990826
h-412,3217,4,34,10.2,9985816
h-413,2572,3,24,16.9,7699694
h-414,2822,1,16,20.2,7986785
h-415,1744,2,16,15.4,5003523
h-416,2525,2,18,3.9,7840242
h-417,554,2,16,8.9,1890496
h-418,2645,3,30,12.7,7979501
h-419,1249,2,38,10.6,3600275
h-420,1008,3,12,11.0,3486297
h-421,3271,4,43,13.3,9908451
h-422,1466,2,7,3.1,4773279
h-423,2261,4,34,15.2,6949590
h-424,2962,1,41,13.7,8197587
h-425,943,2,17,14.8,2979020
h-426,2482,2,10,8.4,7471328
h-427,2762,2,3,1.6,8788992
h-428,3385,1,21,19.9,9382112
h-429,518,5,16,6.2,2792299
h-430,2140,1,19,18.6,5993808
h-431,3606,5,26,13.3,11583962
h-432,645,5,22,18.3,2349282
h-433,3296,1,37,1.7,9562756
h-434,2417,5,9,25.5,7711185
h-435,3782,3,32,2.3,11890778
h-436,1425,1,23,13.0,3766949
h-437,2914,3,20,20.3,8467763
h-438,2302,2,6,5.0,7220979
h-439,567,3,24,9.1,1846557
h-440,1325,4,33,13.4,4286695
h-441,3371,2,19,14.6,10234103
h-442,3224,4,5,11.1,10546098
h-443,3741,3,18,1.3,11863442
h-444,3354,2,1,3.4,10612217
h-445,2562,2,24,19.0,7230226
h-446,2086,4,39,0.7,7137731
h-447,3906,1,32,20.0,10720457
h-448,2164,5,26,2.2,7524426
h-449,1758,4,21,20.9,5533479
h-450,571,4,35,6.7,2280405
h-451,1812,3,16,10.4,5939507
h-452,3075,3,13,11.6,9341296
h-453,871,2,0,20.9,2333437
h-454,2849,1,45,29.3,7163794
h-455,3511,2,22,15.3,10423403
h-456,1592,4,4,26.6,4919806
h-457,1712,5,48,14.7,5143887
h-458,2160,5,33,3.2,7285642
h-459,1833,3,13,24.0,5512845
h-460,660,1,18,22.9,1282137
h-461,3861,4,42,15.5,11533227
h-462,2115,5,14,2.0,7566292
h-463,3491,1,25,7.9,10103537
h-464,2619,1,35,22.5,7068683
h-465,3257,3,28,28.5,9430319
h-466,1794,3,35,6.6,5621741
h-467,1855,1,33,15.0,4755642
h-468,2689,5,31,21.0,8108693
h-469,2342,4,23,2.8,7585998
h-470,3365,2,19,8.4,10280772
h-471,2294,3,36,29.3,6414906
h-472,759,3,40,7.5,2501416
h-473,1619,5,7,8.7,5941015
h-474,3709,5,38,25.0,11147523
h-475,1126,4,47,4.0,3775358
h-476,1131,2,14,4.9,3570887
h-477,3260,4,2,23.3,10019589
h-478,973,3,26,10.3,3285404
h-479,909,4,43,12.9,2898921
h-480,2132,1,2,14.9,6379841
h-481,3059,4,3,15.4,9573775
h-482,3015,2,6,27.1,8513198
h-483,2942,1,25,22.0,8150826
h-484,3932,4,2,18.8,12260694
h-485,2565,5,9,22.8,8191157
h-486,1718,5,39,13.6,5496215
h-487,2659,2,38,20.6,7306667
h-488,3840,5,42,9.7,11848068
h-489,1579,3,22,28.5,4150392
h-490,3923,4,22,20.2,11807853
h-491,3847,4,17,14.2,12025152
h-492,2491,3,25,28.3,6848457
h-493,2124,3,47,9.6,6462694
h-494,3158,1,14,4.8,9706535
h-495,2353,1,7,1.6,7156180
h-496,843,5,36,19.7,2566301
h-497,2386,4,3,20.6,7636716
h-498,1456,1,17,1.7,4645118
h-499,2250,3,6,13.7,7354667
h-500,1753,4,23,16.6,5417033
h-501,2197,1,5,18.6,6437577
h-502,1037,3,17,26.1,2854557
h-503,3887,3,43,3.1,11725999
h-504,591,1,49,3.4,1640760
h-505,565,3,7,9.2,2002093
h-506,747,1,34,29.6,800116
h-507,1753,5,35,17.0,5753966
h-508,1054,1,19,29.3,2229556
h-509,1368,5,18,20.8,4521103
h-510,841,5,43,6.2,3275899
h-511,3958,1,13,11.5,11782099
h-512,3609,4,45,25.6,10558442
h-513,1125,3,8,19.1,3450934
h-514,1545,4,5,5.8,5385827
h-515,1110,4,18,2.9,3948716
h-516,851,5,25,18.1,3000834
h-517,1404,5,25,4.2,4926390
h-518,2501,4,12,26.1,7320109
h-519,1172,2,2,4.1,3917029
h-520,2199,1,5,9.7,6386495
h-521,1796,3,48,10.3,5418517
h-522,3942,5,3,0.2,13101998
h-523,3921,5,26,15.3,12399680
h-524,1739,5,0,10.3,6356444
h-525,3651,4,26,2.4,11926769
h-526,412,1,37,20.6,457166
h-527,1022,5,44,8.5,3628369
h-528,2103,3,31,21.6,6206978
h-529,769,2,19,10.8,2364041
h-530,1191,5,23,15.0,4319354
h-531,1340,2,14,21.7,3748321
h-532,3370,4,2,8.1,10970003
h-533,3246,5,8,20.4,10110171
h-534,1980,2,35,10.6,5514986
h-535,1666,2,18,12.1,4931456
h-536,3975,4,23,20.6,11927941
h-537,1178,5,42,17.1,3929629
h-538,429,5,6,13.8,2213629
h-539,601,1,3,18.0,1585190
h-540,777,1,11,6.4,2534179
h-541,1544,5,1,17.4,5407894
h-542,3648,3,25,6.7,11108155
h-543,471,5,6,21.9,1835491
h-544,1044,1,37,27.7,2033428
h-545,2612,1,10,16.4,7540385
h-546,2535,1,49,23.4,6447216
h-547,1102,4,11,24.0,3260560
h-548,3955,5,10,4.7,12888019
h-549,2796,4,41,7.0,8518772
h-550,3480,4,19,6.5,11062076
h-551,3424,2,34,23.8,9533766
h-552,1768,5,18,2.5,6517299
h-553,1771,4,15,27.3,5385636
h-554,3500,2,5,12.8,10911907
h-555,3264,3,46,1.3,10229248
h-556,2422,5,2,26.4,7770858
h-557,3474,4,43,7.5,10533467
h-558,3579,2,24,22.8,10362842
h-559,3643,2,36,26.1,10019722
h-560,3760,2,6,4.3,11837430
h-561,3817,1,9,9.0,11255944
h-562,2303,2,23,21.9,6363044
h-563,3400,4,20,25.9,9885953
h-564,2727,3,20,9.0,8671227
h-565,1208,1,9,19.5,3353481
h-566,2222,2,4,22.1,6341958
h-567,1293,2,6,23.4,3574391
h-568,1272,2,41,24.4,2963582
h-569,2222,1,37,2.1,6455767
h-570,3557,5,10,3.2,11766323
h-571,2625,5,6,4.4,8875508
h-572,750,4,26,14.5,2703395
h-573,1234,4,3,28.2,3676977
h-574,1874,2,7,17.7,5602352
h-575,878,3,38,18.2,2142299
h-576,453,5,31,0.1,2517978
h-577,1959,4,30,12.6,6328644
h-578,539,4,4,2.6,2478800
h-579,1947,2,13,25.2,5534274
h-580,3991,4,49,7.9,11948318
h-581,1825,3,27,12.7,5805117
h-582,687,5,0,14.5,2739073
h-583,1966,3,23,5.0,6524250
h-584,3209,3,25,17.9,9286312
h-585,2409,3,44,13.9,6877776
h-586,446,3,32,26.0,912857
h-587,3547,1,29,18.5,10084065
h-588,2392,3,46,8.1,7405621
h-589,3040,5,21,13.1,9785924
h-590,3436,5,42,18.2,10200604
h-591,1525,2,49,28.2,3225167
h-592,2437,2,40,10.1,7197185
h-593,688,2,28,13.5,1651532
h-594,2637,2,12,20.2,7498211
h-595,3544,1,11,24.3,9775466
h-596,3581,2,29,27.4,10102261
h-597,1852,2,35,7.0,5389502
h-598,2055,2,29,6.7,6292561
h-599,2001,2,13,15.7,5965887
h-600,3388,1,19,27.2,9379290
h-601,411,1,48,7.3,925336
h-602,1270,2,40,23.6,2975103
h-603,2623,2,34,26.7,6908413
h-604,460,3,3,16.9,1898232
h-605,886,3,20,19.6,2367082
h-606,1400,5,39,11.5,4426276
h-607,2369,1,5,14.0,7161234
h-608,1361,1,35,24.9,2966881
h-609,2420,5,48,1.1,8154778
h-610,1904,4,6,14.1,6415635
h-611,1677,4,25,29.4,4512840
h-612,586,2,33,5.0,1691104
h-613,958,3,36,28.7,1986273
h-614,889,2,34,19.4,1916233
h-615,3623,5,34,26.9,10744959
h-616,3874,2,9,2.8,12155416
h-617,3767,4,14,10.4,12146462
h-618,2807,1,14,9.2,8357072
h-619,908,1,29,5.1,2676367
h-620,1487,5,6,12.1,5241514
h-621,2250,2,32,6.3,6829727
h-622,3423,2,43,3.7,9994945
h-623,3438,4,47,16.6,9946816
h-624,657,2,12,17.3,1880726
h-625,2862,2,5,19.7,8401267
h-626,2462,5,15,8.5,8315425
h-627,2660,5,25,14.4,8418974
h-628,1684,2,37,11.1,4564469
h-629,2035,3,2,28.9,6038431
h-630,495,3,34,15.4,1461261
h-631,1333,4,34,0.8,4917617
h-632,2957,1,5,23.2,8350825
h-633,3097,3,46,5.7,9217637
h-634,768,5,42,11.2,2502888
h-635,1661,1,37,21.4,3982143
h-636,2425,2,29,3.2,7676502
h-637,3035,3,34,14.5,8961384
h-638,1447,2,16,27.0,3631208
h-639,766,4,30,15.7,2408360
h-640,2561,2,46,13.1,6974601
h-641,1566,2,10,19.3,4466512
h-642,3932,3,26,12.0,11831826
h-643,1877,3,19,3.1,6170002
h-644,3597,1,44,11.3,10196086
h-645,3987,5,42,25.2,12057500
h-646,2578,2,6,21.5,7665230
h-647,3801,1,30,26.6,10230899
h-648,1417,1,17,29.7,3142839
h-649,1022,3,19,12.4,3118504
h-650,2802,4,39,14.2,8566883
h-651,826,5,7,19.4,2956532
h-652,801,2,0,17.4,2704874
h-653,1879,1,44,12.1,5223334
h-654,1003,4,4,3.8,4074072
h-655,2247,1,48,5.0,6167360
h-656,1886,1,44,8.9,4952064
h-657,1706,5,31,23.7,5242089
h-658,3297,3,10,15.2,10042631
h-659,2458,5,42,23.5,7189438
h-660,1022,3,46,19.4,2466188
h-661,3211,2,24,1.4,10199130
h-662,1976,3,6,22.7,6169609
h-663,900,4,42,1.2,3457140
h-664,2733,5,29,21.4,8409900
h-665,894,5,32,4.7,3494415
h-666,3573,2,19,24.5,10341597
h-667,3285,2,13,5.4,10131398
h-668,1168,1,28,6.4,3090768
h-669,2965,1,44,4.6,8406839
h-670,619,1,33,4.4,1562904
h-671,2598,2,39,10.4,7791702
h-672,1693,2,24,14.1,5079972
h-673,2083,2,36,29.6,5460440
h-674,2966,5,43,25.0,8617767
h-675,3365,1,37,25.7,8978487
h-676,1600,4,32,17.2,5075631
h-677,2852,5,26,4.2,9726998
h-678,2450,4,16,23.3,7425983
h-679,3715,2,10,25.2,10917351
h-680,1502,2,20,14.2,4321683
h-681,2544,5,34,18.7,7657257
h-682,847,4,44,7.8,2622508
h-683,3848,1,6,8.3,11391130
h-684,2592,4,8,9.4,8584278
h-685,3847,2,21,12.4,11365377
h-686,2550,5,15,15.8,8122027
h-687,1583,2,12,17.1,4729291
h-688,1737,3,47,27.0,4436704
h-689,2079,1,45,13.3,5613702
h-690,658,1,17,20.7,1605654
h-691,963,1,33,3.0,2616451
h-692,991,2,14,29.5,2152998
h-693,2947,1,3,11.8,8583623
h-694,2476,1,33,22.4,6521990
h-695,3988,1,10,27.6,11089923
h-696,1740,2,44,9.0,5145735
h-697,865,2,19,19.6,2446288
h-698,1932,5,32,24.6,5594671
h-699,1104,5,19,19.7,3719876
h-700,2090,2,23,25.3,5750524
h-701,3397,4,45,10.6,10110639
h-702,3235,1,41,10.5,9222816
h-703,3775,2,15,12.8,11346012
h-704,2342,5,49,29.1,6574340
h-705,1262,2,22,21.1,3421134
h-706,637,5,9,9.3,3147537
h-707,1880,2,33,12.2,5575023
h-708,3796,2,17,1.8,11805563
h-709,1094,2,12,27.9,2883480
h-710,1519,2,40,5.4,4460784
h-711,3806,5,45,4.1,11944791
h-712,1821,4,0,6.1,6452472
h-713,2361,4,1,2.2,8413138
h-714,3708,5,24,16.3,11588084
h-715,3293,5,27,24.0,10009947
h-716,3965,4,9,2.0,12764876
h-717,3322,2,42,24.3,9185652
h-718,660,3,31,9.8,2153934
h-719,966,3,22,23.6,2838748
h-720,1213,1,31,28.8,2411410
h-721,3825,1,20,20.9,10972649
h-722,1051,1,8,19.9,2798898
h-723,882,3,45,1.7,3098298
h-724,3012,3,14,0.8,9966523
h-725,2028,2,28,3.9,6384786
h-726,3713,1,31,10.4,10812027
h-727,743,5,9,25.1,2427672
h-728,1188,5,47,26.6,3154675
h-729,1979,1,25,18.9,5426181
h-730,1890,4,2,8.5,6593913
h-731,2270,3,45,19.6,6530959
h-732,1134,1,45,0.0,3332756
h-733,2475,1,44,15.0,6599148
h-734,1412,1,22,16.6,3605240
h-735,1769,4,11,8.3,5832905
h-736,1429,1,45,15.1,3689187
h-737,811,5,48,1.2,3066231
h-738,2114,3,43,11.7,6390974
h-739,1778,5,6,28.5,5774248
h-740,1091,2,9,8.2,3320815
h-741,2355,2,0,8.3,7369265
h-742,3946,5,29,4.5,12617303
h-743,3062,5,23,1.8,10122690
h-744,3879,2,49,23.0,10761898
h-745,3250,5,46,19.7,9946912
h-746,2380,2,12,26.5,6567076
h-747,1483,1,45,27.7,3134994
h-748,3339,5,13,13.3,10735414
h-749,2394,3,25,28.0,6802101
h-750,446,2,49,5.5,1029149
h-751,1166,4,2,27.6,3835861
h-752,2115,4,35,24.9,5912002
h-753,3090,3,32,25.0,8834418
h-754,2855,5,17,10.0,9380869
h-755,2968,5,7,18.0,9692832
h-756,1309,4,4,6.3,4899863
h-757,1731,4,8,21.8,5501336
h-758,3111,3,12,21.8,9103748
h-759,2476,1,28,27.6,6564602
h-760,2860,4,49,23.8,7986488
h-761,3913,3,5,1.9,12665314
h-762,1569,3,26,29.9,3915273
h-763,2616,4,10,24.2,7795774
h-764,2737,4,14,2.3,9158878
h-765,993,4,49,25.9,2646276
h-766,2651,1,35,8.1,7528281
h-767,510,5,16,0.8,2513666
h-768,3052,3,14,9.8,9607917
h-769,3152,3,18,21.4,9433432
h-770,1791,5,3,13.3,6062562
h-771,1618,5,46,5.7,5547130
h-772,2727,5,4,1.9,9338812
h-773,997,1,42,21.4,2176435
h-774,3350,3,37,2.4,10566015
h-775,989,5,26,5.0,4124347
h-776,3150,5,12,12.8,10082379
h-777,1070,2,39,12.6,2858438
h-778,2943,2,2,24.3,8808572
h-779,1409,5,5,5.6,5283058
h-780,1295,1,31,7.6,3796315
h-781,1706,1,19,26.9,4170045
h-782,3891,1,43,3.1,11468475
h-783,3152,2,2,29.9,9090094
h-784,1998,5,37,29.3,5741473
h-785,2694,5,27,28.3,7827900
h-786,2527,5,13,2.0,8645127
h-787,2937,4,41,23.6,8405291
h-788,1346,2,46,9.0,3791773
h-789,915,4,22,18.2,3074427
h-790,1165,4,10,18.3,3748816
h-791,2265,2,24,10.7,6809287
h-792,562,3,25,8.6,2092804
h-793,3640,2,33,12.4,10786260
h-794,2188,3,4,1.4,7675136
h-795,2394,3,46,18.6,6567694
h-796,2260,1,4,12.8,6627279
h-797,3664,5,1,19.4,11774343
h-798,3256,3,35,9.6,9893407
h-799,531,5,33,28.6,1292093
h-800,3243,4,14,29.8,9601015
h-801,3831,1,36,25.9,10633728
h-802,2778,3,20,21.5,8017006
h-803,831,3,8,26.4,2258290
h-804,1359,1,6,8.7,3974864
h-805,2961,3,36,28.1,8044381
h-806,1364,5,9,4.2,5053617
h-807,3379,3,43,23.4,9769045
h-808,1544,5,16,27.3,4577554
h-809,1095,5,7,10.7,4151474
h-810,883,2,6,15.9,2865994
h-811,2165,3,17,27.9,5906910
h-812,3160,2,39,12.3,9384428
h-813,1839,2,34,1.0,5780758
h-814,512,3,30,2.9,2180586
h-815,2427,1,6,22.5,7030276
h-816,731,5,42,24.3,2218726
h-817,734,5,13,7.5,3059181
h-818,2230,2,42,22.9,5933573
h-819,979,5,18,25.6,3343892
h-820,3839,2,33,29.0,10436055
h-821,1013,1,13,14.6,2625296
h-822,3264,2,10,12.2,10099592
h-823,541,1,41,27.5,179771
h-824,2295,1,21,12.8,6481357
h-825,1723,4,20,28.9,4714754
h-826,3900,4,13,2.1,12513442
h-827,3410,2,31,3.4,10395158
h-828,2394,5,33,13.2,7667863
h-829,3963,3,17,28.8,11482413
h-830,1132,4,32,26.1,3246214
h-831,551,2,26,18.1,1128406
h-832,991,5,42,24.9,3031757
h-833,3761,5,34,3.0,12039024
h-834,2225,3,28,16.5,6508399
h-835,1809,1,37,3.2,5193420
h-836,1514,2,33,26.1,3583058
h-837,917,4,49,3.0,2976124
h-838,2730,4,9,0.5,9216922
h-839,1476,1,37,11.5,3988029
h-840,971,3,43,4.7,3267391
h-841,861,5,1,3.9,3737894
h-842,961,3,45,7.1,3141116
h-843,1161,4,40,24.6,2976154
h-844,3047,3,25,8.8,9224886
h-845,2765,4,10,25.9,8593472
h-846,401,2,6,4.6,1633698
h-847,2432,5,33,18.9,7453628
h-848,2691,2,40,18.3,7663650
h-849,3817,5,5,22.5,12030576
h-850,3287,3,37,24.9,9166530
h-851,1673,4,29,8.0,5358065
h-852,3549,3,15,6.4,11259827
h-853,3790,3,40,13.5,11310573
h-854,922,2,30,14.5,2404482
h-855,2078,2,24,9.9,6221430
h-856,3541,4,48,4.5,10802015
h-857,3680,5,27,23.3,10960072
h-858,3312,4,37,26.3,9733446
h-859,3070,2,38,21.6,8473982
h-860,1327,2,38,26.3,3098830
h-861,1745,4,27,21.3,5312795
h-862,3589,1,39,23.8,9897640
h-863,3426,4,31,24.0,10301980
h-864,2603,1,31,23.6,7006050
h-865,1885,3,6,25.8,5574626
h-866,1778,1,4,20.0,4949597
h-867,2814,1,5,0.0,8773933
h-868,1594,5,14,7.6,5520056
h-869,424,2,23,15.0,1246524
h-870,1584,1,28,17.8,4044324
h-871,3664,1,5,8.3,11060851
h-872,3844,4,10,9.4,12290095
h-873,3302,2,8,7.4,10011140
h-874,1435,1,23,22.1,3673874
h-875,1204,4,25,16.4,3788564
h-876,2092,2,17,20.1,6085767
h-877,2685,5,7,13.8,9019654
h-878,1972,3,43,3.4,6081679
h-879,2239,4,8,23.0,6807791
h-880,3929,4,36,11.0,11987520
h-881,1526,1,42,5.7,4324353
h-882,2354,1,6,10.3,7206596
h-883,3441,2,10,17.8,10373401
h-884,2504,3,34,19.0,7321895
h-885,2694,4,42,3.4,8489869
h-886,1951,1,22,0.8,5913497
h-887,1764,5,0,3.5,6741569
h-888,2461,5,9,20.1,8122386
h-889,3718,4,36,28.6,10941820
h-890,3086,3,12,29.0,9149509
h-891,2903,1,46,6.3,8378394
h-892,987,1,9,14.4,2759219
h-893,1126,4,22,10.3,3773969
h-894,1309,3,9,29.6,3414744
h-895,1907,3,45,25.2,5219897
h-896,421,4,13,17.8,1805338
h-897,2032,3,44,4.6,6340183
h-898,3961,5,37,20.5,12188881
h-899,1800,3,9,11.8,5734676
h-900,3469,4,33,22.7,10198851
h-901,3178,4,42,3.7,10009961
h-902,1813,1,19,28.3,4508735
h-903,2852,5,34,18.8,8692990
h-904,2438,3,19,6.6,7650756
h-905,1179,4,8,12.3,4372470
h-906,2087,1,17,0.5,6652915
h-907,1692,4,49,29.9,4163867
h-908,1151,2,38,11.6,3019106
h-909,1096,3,40,3.1,3539590
h-910,1416,4,45,20.5,3963476
h-911,3364,2,1,6.0,10654108
h-912,3381,4,18,18.1,10156218
h-913,1450,4,2,27.8,4389003
h-914,3881,1,21,2.9,11591518
h-915,1633,1,18,26.9,4300896
h-916,3832,1,1,18.3,11027089
h-917,3419,5,18,27.7,10267435
h-918,1418,5,8,12.7,4928566
h-919,1943,1,42,16.1,5206359
h-920,2143,5,44,15.8,6578207
h-921,3778,5,3,21.8,12087363
h-922,2705,3,11,21.7,8262920
h-923,2193,5,36,29.5,6343741
h-924,1878,2,36,17.0,5300732
h-925,3603,1,28,28.0,9656176
h-926,1953,5,35,17.2,5968251
h-927,1503,1,25,26.2,3696584
h-928,1414,2,1,8.4,4806546
h-929,3530,1,43,10.9,10123066
h-930,582,3,43,26.5,947827
h-931,3724,4,34,0.9,11742695
h-932,3890,5,8,13.0,12403462
h-933,2612,2,49,26.8,6856532
h-934,3091,1,2,7.4,9226615
h-935,3829,2,5,0.1,12329518
h-936,3155,5,29,21.9,9554202
h-937,2624,2,38,26.0,6919314
h-938,3547,5,34,23.8,10877206
h-939,1594,2,34,8.5,4526775
h-940,1189,2,16,11.6,3565775
h-941,2541,2,22,22.2,7231376
h-942,2670,4,8,16.8,8331964
h-943,3772,5,6,5.0,12316348
h-944,3375,1,17,14.5,9807656
h-945,1390,3,36,12.9,3972562
h-946,3680,1,28,1.9,11229780
h-947,1757,1,28,15.3,4824340
h-948,3058,5,33,11.9,9583058
h-949,911,5,40,4.8,3574057
h-950,3506,4,15,6.8,11114557
h-951,513,2,18,11.7,1656922
h-952,2668,3,9,28.1,7793439
h-953,3561,2,24,18.7,10501017
h-954,1189,5,22,23.2,3629273
h-955,695,3,20,12.7,2516263
h-956,531,1,32,20.0,690063
h-957,1121,3,21,23.5,3245949
h-958,1308,3,2,21.7,4154789
h-959,1206,5,29,29.2,3524514
h-960,712,2,3,9.7,2507704
h-961,3176,4,38,10.1,9710006
h-962,3976,3,41,26.5,11321746
h-963,3751,5,29,26.9,11047668
h-964,3640,2,5,8.2,11089734
h-965,3186,1,30,0.5,9617965
h-966,3281,1,47,13.2,9145137
h-967,3818,4,37,13.6,11831587
h-968,689,4,27,16.1,2144283
h-969,672,4,36,22.8,1665736
h-970,1310,3,8,14.6,4209598
h-971,2938,3,45,8.8,8985617
h-972,3118,4,44,14.1,9421954
h-973,2897,5,45,22.5,8432173
h-974,1618,2,14,16.6,4655265
h-975,1187,1,6,13.9,3563041
h-976,3534,2,3,2.6,10953210
h-977,1409,4,25,8.0,5005418
h-978,527,3,42,2.2,1639155
h-979,2594,1,14,26.8,6908758
h-980,1290,5,39,28.3,3584434
h-981,1691,2,20,20.9,4717690
h-982,3744,2,6,8.7,11485262
h-983,809,2,22,3.5,2757912
h-984,1327,4,22,24.8,3991202
h-985,1992,4,42,7.7,6315643
h-986,2033,2,1,9.5,6486640
h-987,3446,3,28,4.8,10922666
h-988,1516,2,20,6.9,4747928
h-989,2301,1,34,27.7,5621031
h-990,1587,2,27,1.3,4978743
h-991,626,4,19,2.8,2926977
h-992,3233,1,44,28.8,8592676
h-993,1810,2,16,26.0,5102113
h-994,3962,1,1,14.0,11874946
h-995,3612,3,18,24.3,10403012
h-996,3543,5,6,3.2,12072040
h-997,3308,1,35,16.3,9442400
h-998,3623,1,11,11.0,10832238
h-999,3749,2,5,5.2,11737957
h-1000,623,4,41,2.5,2288393
h-1001,3468,5,29,5.8,11135878
h-1002,2365,2,36,5.5,7064695
h-1003,1648,4,36,4.9,5305034
h-1004,2891,3,25,23.9,8370149
h-1005,663,2,7,22.3,1584897
h-1006,741,4,3,22.0,2660602
h-1007,918,2,42,17.7,2288163
h-1008,2520,1,49,12.4,6579212
h-1009,3331,1,16,15.9,9856136
h-1010,721,3,13,15.2,2316971
h-1011,3502,4,5,9.0,11348196
h-1012,547,1,45,16.7,815559
h-1013,3836,2,44,4.1,11600045
h-1014,949,1,43,23.6,1655233
h-1015,1512,5,30,1.7,5545694
h-1016,3455,1,40,19.9,9636782
h-1017,878,3,22,28.5,2178585
h-1018,1450,1,38,14.6,3590941
h-1019,1696,3,6,8.8,5691378
h-1020,3922,2,11,29.6,11264016
h-1021,2317,2,46,17.5,6068053
h-1022,2688,3,37,14.5,8114203
h-1023,1856,2,41,9.3,5318054
h-1024,1002,5,39,26.9,2774268
h-1025,809,1,20,21.1,2021013
h-1026,1738,2,46,23.7,4465687
h-1027,1730,2,28,10.0,5190893
h-1028,1016,3,0,1.0,3770238
h-1029,997,4,40,8.9,3234517
h-1030,973,1,14,29.7,1839514
h-1031,3177,5,8,0.1,10793730
h-1032,3343,2,15,16.3,9999693
h-1033,2910,4,30,9.5,9076821
h-1034,3383,4,6,6.8,11154459
h-1035,1043,3,10,15.0,3477651
h-1036,1171,5,32,17.0,4039224
h-1037,570,4,32,9.7,1916790
h-1038,2471,1,43,20.1,6333506
h-1039,3931,4,36,25.7,11616427
h-1040,1517,5,5,14.8,5475419
h-1041,3687,4,2,10.0,11697490
h-1042,1794,4,34,0.4,5997032
h-1043,3833,4,29,16.7,11470270
h-1044,1551,3,42,5.4,5019322
h-1045,1931,3,17,2.6,6352266
h-1046,3480,5,31,7.0,11342677
h-1047,1876,4,20,13.9,6267831
h-1048,2800,2,38,8.2,8282019
h-1049,2628,4,45,9.0,8222523
h-1050,3666,3,11,16.9,11163654
h-1051,453,2,42,16.1,699852
h-1052,1742,4,11,22.3,5317412
h-1053,500,3,1,22.7,1565593
h-1054,3097,3,23,16.8,9265914
h-1055,2581,1,0,8.4,7800079
h-1056,1515,4,6,20.5,4997789
h-1057,3439,4,43,19.0,10004134
h-1058,1146,3,9,22.0,3449038
h-1059,2386,5,45,5.6,7751964
h-1060,1370,4,14,17.2,4577773
h-1061,2223,3,46,3.7,6882638
h-1062,2103,1,6,14.5,6362552
h-1063,421,4,0,26.5,1453912
h-1064,2972,1,22,4.9,8825488
h-1065,2703,5,38,1.0,8977915
h-1066,1151,3,33,8.1,3385382
h-1067,3447,5,44,1.4,10917884
h-1068,3048,5,18,28.3,9069383
h-1069,1769,4,27,20.0,5452855
h-1070,1505,5,35,19.9,4906349
h-1071,3061,2,14,9.9,9370575
h-1072,1646,3,33,3.1,5213612
h-1073,2428,5,42,26.8,6906040
h-1074,1951,3,34,18.7,5454017
h-1075,3726,3,45,26.8,10445565
h-1076,3019,1,7,11.5,8881399
h-1077,2566,3,45,9.2,7788783
h-1078,3594,4,31,3.6,11304510
h-1079,705,5,36,20.4,2284251
h-1080,990,4,14,8.0,3456994
h-1081,1029,2,43,13.6,2693146
h-1082,2201,4,21,13.5,7087698
h-1083,3665,5,14,8.5,11875330
h-1084,1344,2,35,7.2,3870422
h-1085,1484,3,23,28.4,4214973
h-1086,3419,3,48,5.6,10428085
h-1087,3900,2,40,12.2,11165305
h-1088,3695,2,14,5.5,11438574
h-1089,3469,4,31,15.9,10606602
h-1090,2885,1,24,20.4,7956032
h-1091,1318,1,14,2.2,4039062
h-1092,3576,4,27,13.0,11238846
h-1093,990,2,9,12.3,2892147
h-1094,565,1,3,20.0,1289012
h-1095,3898,5,0,16.4,12714397
h-1096,2160,4,41,10.2,6634882
h-1097,1042,3,3,28.8,2940511
h-1098,3287,3,9,28.3,9362362
h-1099,3628,1,14,14.9,10773087
h-1100,2415,2,33,28.2,6466264
h-1101,2603,5,8,8.0,8826646
h-1102,3756,1,44,22.7,10099921
h-1103,1128,3,10,21.1,3306376
h-1104,2423,1,47,25.3,6008854
h-1105,1065,5,20,29.4,3081432
h-1106,1786,5,47,12.6,5648919
h-1107,1721,1,6,24.4,4726918
h-1108,3764,4,35,17.2,11167618
h-1109,2009,3,34,23.6,5775151
h-1110,3722,3,2,20.8,11376246
h-1111,3885,3,17,15.9,11942438
h-1112,3777,3,9,22.0,11475270
h-1113,2820,4,5,0.8,9493331
h-1114,1497,4,16,6.9,5068474
h-1115,3418,2,47,28.2,9222902
h-1116,3920,2,49,3.2,11553798
h-1117,1499,4,32,17.6,4520626
h-1118,2183,3,29,25.2,6297415
h-1119,1148,3,32,20.9,3125500
h-1120,1754,3,22,4.8,5720184
h-1121,1356,4,22,1.9,4758690
h-1122,3150,2,36,21.8,8721269
h-1123,3136,5,8,2.3,10584174
h-1124,3711,2,2,2.9,11612646
h-1125,2544,4,12,22.9,7664927
h-1126,1242,5,18,4.6,5012070
h-1127,2431,1,16,12.5,6980037
h-1128,3796,5,20,9.9,12134668
h-1129,3364,3,0,26.5,9868522
h-1130,1975,3,30,25.3,5679985
h-1131,2627,5,44,4.3,8488978
h-1132,1250,4,8,24.6,3946654
h-1133,1046,5,46,13.9,3314041
h-1134,2875,3,40,26.2,7859747
h-1135,2579,3,18,22.5,7639291
h-1136,2763,5,31,1.6,9086754
h-1137,2894,1,15,21.2,8295545
h-1138,3290,3,2,5.6,10662541
h-1139,1856,4,48,13.9,5397281
h-1140,1532,2,14,21.1,4227543
h-1141,1815,4,8,17.6,6098094
h-1142,2087,2,23,16.6,6144519
h-1143,1465,1,34,10.9,4119940
h-1144,1928,2,17,18.1,5533393
h-1145,2124,3,32,16.5,6372649
h-1146,3110,5,8,3.8,10653618
h-1147,3752,1,20,6.7,10949599
h-1148,2471,3,22,5.5,7736085
h-1149,617,2,25,20.0,1531646
h-1150,3536,5,20,20.9,10900260
h-1151,1199,2,49,0.5,3650704
h-1152,1110,1,10,4.9,3733494
h-1153,2477,1,22,9.2,7364164
h-1154,1666,2,12,0.7,5771250
h-1155,1841,4,29,14.5,5787961
h-1156,3698,2,44,15.7,10422637
h-1157,2469,2,14,16.9,7453759
h-1158,3330,4,44,1.9,10568772
h-1159,2367,1,11,18.8,6698585
h-1160,3546,4,35,14.7,10832513
h-1161,3297,4,26,10.5,10236081
h-1162,2504,3,11,17.2,7507522
h-1163,1304,4,41,0.8,4457487
h-1164,1348,1,20,6.7,4096412
h-1165,2908,1,48,10.9,8084727
h-1166,1506,2,37,16.7,4091918
h-1167,1807,5,45,17.7,5468487
h-1168,1888,5,24,26.2,5874464
h-1169,1625,3,37,4.3,5282489
h-1170,3745,2,14,9.5,11451281
h-1171,2274,2,32,2.1,6893102
h-1172,2330,1,40,1.0,7021102
h-1173,3124,3,3,27.4,9022100
h-1174,1253,1,17,24.4,3227031
h-1175,2475,4,35,27.9,6919537
h-1176,2580,1,0,4.8,7858541
h-1177,1074,4,49,10.2,3236871
h-1178,1331,4,11,18.7,4436457
h-1179,2030,4,14,16.8,6543114
h-1180,959,5,37,2.5,3662012
h-1181,3983,5,29,18.8,12500805
h-1182,3466,3,30,28.0,9658696
h-1183,2815,2,3,25.1,8313522
h-1184,3842,2,41,26.7,10700073
h-1185,1356,1,4,6.2,4347854
h-1186,3982,1,31,1.2,12002357
h-1187,3735,3,9,21.6,10975558
h-1188,650,3,18,12.0,2114042
h-1189,1644,1,30,13.3,4662455
h-1190,3884,3,32,19.3,11482773
h-1191,845,4,5,21.0,2742023
h-1192,3894,1,20,26.0,10677628
h-1193,575,5,39,28.1,1422151
h-1194,2887,2,32,10.4,8722887
h-1195,3589,3,25,26.4,10288772
h-1196,2261,3,28,13.8,6655534
h-1197,1521,3,32,26.6,4106637
h-1198,2246,1,16,1.8,7002498
h-1199,2797,5,13,13.5,8986460
h-1200,1690,1,4,13.1,4893184
h-1201,1114,1,43,14.2,2663930
h-1202,1951,4,34,18.1,5696099
h-1203,2425,5,15,12.3,7871320
h-1204,476,1,9,17.7,1266035
h-1205,3949,5,44,4.0,12340233
h-1206,3456,3,26,8.1,10794334
h-1207,2140,4,6,26.1,6287299
h-1208,583,4,43,6.5,2017763
h-1209,3536,1,21,25.9,9847873
h-1210,2988,4,35,1.0,9779787
h-1211,1456,1,5,29.8,3622013
h-1212,3036,4,14,14.5,9745546
h-1213,3264,1,43,27.1,8313001
h-1214,2510,5,18,13.1,8058984
h-1215,443,5,5,10.2,2331252
h-1216,2601,1,8,28.6,7069518
h-1217,3409,3,4,1.5,11297306
h-1218,3025,3,18,25.3,8945241
h-1219,1419,5,38,23.0,4320501
h-1220,3165,2,22,12.2,9487858
h-1221,3619,1,45,8.8,10548646
h-1222,3620,4,33,20.8,10866898
h-1223,1767,4,43,10.7,5416149
h-1224,474,3,37,1.5,1772305
h-1225,1598,5,1,3.4,6328301
h-1226,1024,3,22,19.4,3047598
h-1227,3816,3,16,0.3,12249347
h-1228,1698,5,32,14.7,5394992
h-1229,821,2,28,27.9,1865925
h-1230,1827,3,37,15.2,5209176
h-1231,2046,4,25,9.7,6487072
h-1232,3677,2,14,22.6,10688352
h-1233,2080,1,47,1.4,5859295
h-1234,3599,1,16,20.3,10065562
h-1235,917,1,18,7.3,2639082
h-1236,1119,4,13,13.4,3851054
h-1237,970,2,25,25.3,2061252
h-1238,2958,3,35,27.4,8199603
h-1239,2038,1,1,6.3,6246578
h-1240,3343,3,33,4.1,10602849
h-1241,3837,2,44,19.5,10826533
h-1242,2381,3,36,16.0,6749751
h-1243,2807,3,30,27.0,7860445
h-1244,1581,1,26,2.2,4997665
h-1245,2882,3,26,8.4,8694944
h-1246,3889,4,20,17.5,12121646
h-1247,2279,3,33,22.6,6230202
h-1248,3055,4,49,3.3,9327089
h-1249,1021,2,45,0.5,3096630
h-1250,1430,2,44,19.4,3754597
h-1251,2057,2,46,6.1,6018209
h-1252,1538,4,22,22.0,4862607
h-1253,1356,5,49,20.9,3878070
h-1254,3698,2,27,10.0,10922067
h-1255,414,5,16,7.7,2227086
h-1256,722,1,20,24.0,1649222
h-1257,2758,5,26,17.2,8605113
h-1258,2389,5,32,27.3,7004627
h-1259,1517,4,32,3.0,5306786
h-1260,1378,1,13,18.0,3602154
h-1261,1762,1,7,25.5,4673676
h-1262,2677,3,10,19.0,7878595
h-1263,954,3,6,8.2,3212569
h-1264,1992,2,4,16.8,5823201
h-1265,3813,5,12,18.2,11809662
h-1266,1598,3,16,25.4,4730810
h-1267,826,1,17,23.9,1966886
h-1268,2355,1,17,18.3,6499858
h-1269,3988,5,3,7.6,13100717
h-1270,3337,1,8,18.1,9545138
h-1271,2527,1,5,17.2,7287407
h-1272,690,2,1,10.8,2441409
h-1273,1983,4,11,13.6,6651026
h-1274,1422,1,11,26.0,3384052
h-1275,1338,4,21,19.8,4027731
h-1276,1419,3,2,1.3,5369223
h-1277,1002,3,7,20.1,3009668
h-1278,985,1,25,19.6,2435777
h-1279,3249,4,39,22.0,9307630
h-1280,462,5,46,25.4,1299665
h-1281,3597,3,2,17.2,10995305
h-1282,3432,1,26,9.7,10232531
h-1283,1039,1,31,19.3,2317638
h-1284,1965,2,36,3.7,5898005
h-1285,2576,5,0,21.1,8600859
h-1286,1660,1,29,13.3,4535324
h-1287,1780,2,17,4.7,5792031
h-1288,2700,3,12,25.2,8115644
h-1289,3869,4,25,7.3,12264128
h-1290,1464,1,28,3.7,4443542
h-1291,1377,4,45,24.1,3853742
h-1292,1778,2,28,22.1,4844854
h-1293,1709,5,40,4.9,6068628
h-1294,1926,4,20,11.2,6397645
h-1295,764,1,1,24.6,1701520
h-1296,2082,5,18,14.8,6651249
h-1297,3892,4,38,21.8,11502315
h-1298,1382,4,24,9.8,4586396
h-1299,2582,4,1,29.8,7819060
h-1300,768,1,10,22.1,1716672
h-1301,3351,4,33,27.5,9875776
h-1302,2560,5,40,9.6,8159889
h-1303,2616,1,49,3.8,7630790
h-1304,1370,2,2,28.5,3900228
h-1305,515,4,11,16.3,1894055
h-1306,3920,3,18,14.2,11703469
h-1307,3877,2,1,21.1,11512293
h-1308,1736,5,37,22.3,5076333
h-1309,3947,5,24,8.3,12506801
h-1310,3333,4,47,29.8,9467136
h-1311,1276,4,33,1.7,4374403
h-1312,3805,4,26,0.1,12424631
h-1313,811,1,36,6.5,1940743
h-1314,2259,2,9,28.6,6375840
h-1315,1781,4,32,5.9,6068043
h-1316,3177,2,19,21.7,9284568
h-1317,1230,1,24,29.3,2442544
h-1318,862,3,35,12.7,2490080
h-1319,3519,2,32,3.9,10913616
h-1320,1646,5,10,8.5,5724895
h-1321,1290,2,18,11.3,3844417
h-1322,2403,5,16,11.0,7917611
h-1323,1482,1,0,25.3,4003310
h-1324,2281,4,36,13.2,7045043
h-1325,3856,5,26,27.9,11427058
h-1326,3965,1,48,10.1,11298250
h-1327,638,4,26,19.6,2120811
h-1328,3221,3,46,7.5,9439338
h-1329,542,5,9,13.9,2219072
h-1330,3766,5,10,17.1,11915141
h-1331,1461,5,15,7.9,5213014
h-1332,569,2,42,19.6,1027113
h-1333,980,2,31,25.5,2440600
h-1334,1201,3,28,18.1,3487797
h-1335,509,4,40,13.3,1867129
h-1336,1960,2,44,26.1,4691975
h-1337,1652,3,26,24.4,4452983
h-1338,1435,5,32,16.0,4755933
h-1339,3338,4,1,1.3,11356561
h-1340,3128,3,28,3.9,9670215
h-1341,644,4,40,24.8,1564455
h-1342,2136,4,47,8.3,6753529
h-1343,3305,3,5,18.9,10325420
h-1344,1246,4,48,3.0,4249739
h-1345,3080,2,21,24.6,8837563
h-1346,2634,5,39,2.4,8481143
h-1347,612,2,18,19.8,1347345
h-1348,3989,4,24,25.8,11683973
h-1349,1892,2,12,16.1,5411519
h-1350,1849,4,15,23.8,5746267
h-1351,3854,2,1,3.6,12258613
h-1352,3639,2,43,27.4,9906426
h-1353,1369,5,7,4.6,5462906
h-1354,3404,1,34,1.0,10320966
h-1355,1375,2,33,3.5,4175915
h-1356,2032,1,12,3.5,6047009
h-1357,1304,2,21,19.2,3698757
h-1358,1622,5,49,25.1,4382978
h-1359,3266,1,48,24.6,8565250
h-1360,3201,4,1,10.1,10547455
h-1361,2347,5,48,15.0,7161618
h-1362,3869,1,10,22.7,11074507
h-1363,3222,2,8,13.0,9604915
h-1364,3522,4,42,26.3,10111304
h-1365,1590,2,40,5.4,4861347
h-1366,3420,2,41,13.0,9641133
h-1367,3545,1,18,8.9,10743800
h-1368,888,2,39,12.3,2324355
h-1369,1267,1,46,4.1,3533967
h-1370,3303,3,12,28.0,9483152
h-1371,2262,3,4,17.9,6805940
h-1372,2818,5,41,15.0,8512331
h-1373,3228,3,22,29.2,9098796
h-1374,579,3,41,21.3,1308144
h-1375,3104,5,21,21.6,9661413
h-1376,2059,3,0,0.2,6942278
h-1377,3606,2,47,21.8,9837644
h-1378,2193,1,34,26.3,5420308
h-1379,3262,4,31,28.0,9206174
h-1380,2706,2,46,19.6,7510173
h-1381,1176,1,17,0.4,3866834
h-1382,3108,1,21,18.7,8843118
h-1383,948,2,29,13.0,2638277
h-1384,2057,3,8,2.0,6877656
h-1385,876,1,44,4.2,2458426
h-1386,2432,5,24,13.9,7651832
h-1387,729,1,0,21.5,1969250
h-1388,472,4,12,10.2,2317308
h-1389,2772,3,19,2.6,8796520
h-1390,2778,1,15,11.8,8177998
h-1391,2309,4,9,10.6,7674393
h-1392,1530,4,14,28.6,4485934
h-1393,2500,4,38,1.3,8309496
h-1394,3886,4,49,0.9,12266085
h-1395,748,5,6,22.5,3000264
h-1396,1771,1,11,28.0,4496904
h-1397,3819,4,48,28.0,10738075
h-1398,3601,3,12,23.5,10468995
h-1399,3349,2,25,10.0,10180082
h-1400,2086,1,34,10.9,5916280
h-1401,2196,1,7,5.0,6698714
h-1402,1657,1,6,21.7,4569262
h-1403,3473,1,28,6.0,10279018
h-1404,1180,5,27,16.0,3779692
h-1405,3128,5,23,26.9,9252000
h-1406,2961,5,23,10.3,9740466
h-1407,3261,5,8,7.7,10658252
h-1408,1598,4,25,20.3,4658532
h-1409,2355,3,15,25.4,6876503
h-1410,3038,3,38,8.7,9076980
h-1411,2157,4,7,25.7,6371342
h-1412,1965,4,9,6.6,6837111
h-1413,1026,3,31,3.1,3249034
h-1414,2173,5,46,15.6,6935466
h-1415,2118,3,38,10.5,6410245
h-1416,3423,5,28,7.7,10950297
h-1417,2135,5,39,28.9,6242428
h-1418,3518,1,49,26.3,9067539
h-1419,1021,2,7,8.7,3250218
h-1420,2333,4,43,25.0,6442958
h-1421,2502,2,6,11.2,7478010
h-1422,2926,1,43,6.5,8286304
h-1423,735,3,34,20.8,1899280
h-1424,3809,5,13,0.6,12670987
h-1425,2112,4,45,2.6,6982151
h-1426,1149,5,25,4.0,4269619
h-1427,1532,3,44,12.5,4465948
h-1428,1582,5,31,9.3,5259755
h-1429,3307,4,13,9.4,10799519
h-1430,2559,2,30,14.0,7574355
h-1431,628,4,16,14.1,2256529
h-1432,2634,4,22,17.9,8238825
h-1433,2682,1,28,11.3,7866296
h-1434,1940,2,33,26.7,5122803
h-1435,1958,5,23,19.5,6107425
h-1436,3253,2,36,28.7,8925614
h-1437,1675,3,36,27.1,4584762
h-1438,1431,5,8,10.7,5209852
h-1439,2760,3,44,27.1,7702225
h-1440,2906,2,13,10.3,8864767
h-1441,908,2,6,17.2,2769753
h-1442,913,1,37,19.1,2054134
h-1443,2660,5,2,13.3,8919765
h-1444,839,5,17,9.6,3212571
h-1445,2343,5,47,19.9,7151299
h-1446,3971,3,8,11.1,12217752
h-1447,3254,1,4,20.7,9503430
h-1448,3368,5,48,21.3,10025416
h-1449,3323,2,5,9.6,10320747
h-1450,1669,2,25,9.3,4882685
h-1451,1982,4,45,28.6,5483280
h-1452,2098,1,39,15.5,5558014
h-1453,1374,2,14,26.0,3435015
h-1454,2509,2,47,19.6,6592609
h-1455,2043,1,13,7.8,5940240
h-1456,3791,4,18,20.2,11470471
h-1457,608,3,42,5.2,1907782
h-1458,2801,3,41,21.8,8105451
h-1459,3263,4,38,23.6,9475445
h-1460,3056,5,11,21.4,9795780
h-1461,3894,5,45,27.4,11258841
h-1462,931,5,3,19.6,3668004
h-1463,424,3,38,6.6,1448057
h-1464,2375,5,37,2.1,7914117
h-1465,986,4,4,0.8,3904303
h-1466,1375,5,4,29.0,4229564
h-1467,1866,5,49,21.5,5397977
h-1468,3752,2,13,5.6,11346099
h-1469,1307,4,49,27.0,3244141
h-1470,2396,1,8,13.3,6859725
h-1471,486,2,22,14.1,1399712
h-1472,3220,4,25,23.7,9791011
h-1473,2226,4,46,26.7,5952362
h-1474,3402,3,45,23.6,9626154
h-1475,2392,1,48,24.8,5784570
h-1476,1535,5,0,21.9,5413822
h-1477,1004,1,34,10.9,2719971
h-1478,2440,5,13,3.4,8297695
h-1479,1786,2,9,1.1,5811330
h-1480,1098,5,2,27.1,3704661
h-1481,3674,2,15,16.4,10921732
h-1482,1479,5,0,3.4,5797401
h-1483,3144,5,20,15.3,10162193
h-1484,2581,5,17,29.5,7596809
h-1485,895,4,16,19.4,2727616
h-1486,3323,1,38,0.6,9882816
h-1487,1545,4,40,29.5,3911722
h-1488,2483,4,38,1.9,8300818
h-1489,455,3,49,8.7,1383331
h-1490,1990,5,11,23.5,6224225
h-1491,3678,3,45,9.6,10746134
h-1492,2733,5,8,7.2,9313559
h-1493,1441,3,4,21.3,4382445
h-1494,1228,2,35,13.5,3396237
h-1495,3892,5,43,1.1,12613453
h-1496,3312,5,39,4.3,10644264
h-1497,713,3,2,8.5,2779593
h-1498,1013,3,22,7.0,3519256
h-1499,787,4,17,0.7,3352268
h-1500,3002,1,18,15.6,8637622
h-1501,1907,3,5,13.4,6036317
h-1502,2396,1,1,25.7,6609114
h-1503,1988,2,0,9.4,6459260
h-1504,2564,1,7,13.8,7618931
h-1505,3973,1,47,14.9,11094010
h-1506,3917,2,16,12.0,11676159
h-1507,3887,1,47,4.9,11147696
h-1508,881,4,39,20.3,2286091
h-1509,3698,2,6,4.8,11632485
h-1510,1405,3,23,27.3,3632129
h-1511,1171,3,5,20.0,3516185
h-1512,2021,3,27,1.8,6783473
h-1513,3087,5,25,18.3,9856070
h-1514,2207,4,48,17.9,6524615
h-1515,1826,5,47,11.3,5703655
h-1516,1490,2,8,0.1,5323430
h-1517,2329,2,36,20.9,6300726
h-1518,3100,4,43,25.1,8737412
h-1519,762,4,13,24.3,2162530
h-1520,462,1,21,8.6,1010481
h-1521,2522,3,36,17.1,7516852
h-1522,3186,2,0,1.9,10012489
h-1523,2796,4,11,1.8,9200966
h-1524,1903,1,26,23.4,4758291
h-1525,777,3,48,0.9,2781440
h-1526,3511,2,31,10.3,10571094
h-1527,3774,5,26,21.8,11499618
h-1528,2082,3,5,28.8,6078328
h-1529,1479,3,5,25.0,4117614
h-1530,2784,2,24,5.4,8368613
h-1531,2295,5,33,3.1,7643833
h-1532,1544,3,23,5.4,5188416
h-1533,3506,1,33,5.4,10146512
h-1534,1802,1,31,14.8,5003929
h-1535,3131,2,39,26.6,8672301
h-1536,3134,2,38,6.2,9320927
h-1537,2110,2,47,17.4,5898441
h-1538,2923,5,6,29.1,9136975
h-1539,3892,5,0,8.7,12938928
h-1540,3789,5,42,22.3,11117321
h-1541,3988,4,25,10.0,12217575
h-1542,1286,1,23,11.2,3800466
h-1543,3855,4,22,10.7,11901841
h-1544,3148,1,30,19.4,8627353
h-1545,2345,4,3,7.1,8042481
h-1546,1304,1,29,20.2,3160257
h-1547,1389,2,12,6.3,4398274
h-1548,1242,2,6,1.0,4456861
h-1549,3547,4,2,23.8,11075456
h-1550,3597,4,2,1.0,11985650
h-1551,929,2,32,29.4,1652916
h-1552,3944,5,19,6.8,12876539
h-1553,1540,3,21,13.6,4601049
h-1554,2196,4,11,1.3,7769238
h-1555,2165,1,40,11.9,6088596
h-1556,2365,2,22,1.4,7517462
h-1557,3728,2,22,22.7,10464746
h-1558,3861,5,35,21.8,11784960
h-1559,1880,2,39,25.8,4807024
h-1560,1245,2,25,6.3,3787854
h-1561,2929,4,17,6.9,9633226
h-1562,2286,5,26,27.4,7111003
h-1563,2093,4,2,26.1,6528248
h-1564,1861,4,47,16.5,5288721
h-1565,2044,1,44,3.2,5764443
h-1566,1528,5,24,22.6,4797576
h-1567,3923,5,46,22.1,11680252
h-1568,948,1,4,3.9,3337101
h-1569,1744,3,24,19.5,5248172
h-1570,3131,4,14,21.3,9503982
h-1571,835,3,34,4.6,3004845
h-1572,3163,2,41,25.3,8774294
h-1573,1890,3,23,24.4,5301238
h-1574,754,5,15,10.1,3179034
h-1575,1174,2,14,25.3,3247567
h-1576,3783,3,0,2.6,12164836
h-1577,3831,5,18,21.6,11683751
h-1578,3693,2,2,15.4,11300935
h-1579,1201,4,8,24.2,3766914
h-1580,3676,3,4,9.8,11637438
h-1581,3342,3,23,24.9,9498268
h-1582,1136,3,39,14.3,3487604
h-1583,1303,1,14,17.5,3727378
h-1584,1867,4,10,3.2,6531967
h-1585,455,5,41,29.2,1109136
h-1586,2293,1,1,16.0,6510998
h-1587,2350,2,0,3.3,7693951
h-1588,2395,3,17,29.7,6909684
h-1589,1166,1,45,3.0,3261373
h-1590,2533,4,46,14.3,7600531
h-1591,2666,1,25,13.4,7762519
h-1592,1112,5,30,20.9,3365304
h-1593,2256,3,39,22.3,6469755
h-1594,416,5,11,14.1,2254778
h-1595,1438,1,42,28.7,3225642
h-1596,3092,3,39,15.0,9017773
h-1597,794,1,20,26.4,1478239
h-1598,1549,1,43,24.0,3681377
h-1599,2465,2,44,19.5,6838770
h-1600,1208,5,35,9.3,4362742
h-1601,3190,1,11,10.0,9624644
h-1602,780,3,37,21.2,2016651
h-1603,1780,5,37,24.5,5256872
h-1604,1107,1,5,7.3,3404729
h-1605,3372,3,1,3.0,10800119
h-1606,1888,3,28,21.6,5223136
h-1607,3358,5,45,13.1,10202921
h-1608,1901,5,10,5.4,7036970
h-1609,1237,4,43,11.5,3926151
h-1610,2135,5,7,4.0,7773733
h-1611,3550,2,47,4.6,10648976
h-1612,2355,2,47,27.9,6217459
h-1613,2899,1,13,22.8,8108111
h-1614,544,5,24,1.8,2533704
h-1615,3499,1,3,26.7,9779755
h-1616,3105,1,20,12.7,8766030
h-1617,3655,2,25,7.6,11022423
h-1618,2986,1,15,14.9,8474702
h-1619,3008,1,49,12.2,8517888
h-1620,578,1,2,19.2,1500065
h-1621,3811,4,49,2.7,11882030
h-1622,1061,4,23,16.3,3298804
h-1623,3098,2,17,4.4,9440383
h-1624,3363,1,14,7.2,10108290
h-1625,2735,2,15,23.0,7713090
h-1626,3254,2,19,6.0,9886223
h-1627,3943,5,16,23.6,12253516
h-1628,3367,2,38,9.3,9798472
h-1629,1481,4,10,19.4,4577464
h-1630,2984,2,18,26.8,8312134
h-1631,808,5,19,4.5,3658896
h-1632,997,5,26,5.1,3890975
h-1633,3939,3,13,26.4,11726686
h-1634,899,4,45,10.5,2883815
h-1635,1005,3,39,6.5,3294473
h-1636,2633,1,32,16.5,7265140
h-1637,2415,1,17,20.9,6806911
h-1638,724,4,41,25.0,1752177
h-1639,1240,2,14,11.2,4020805
h-1640,3724,4,42,1.8,11882688
h-1641,2465,3,43,14.2,7268115
h-1642,772,3,44,29.8,1239622
h-1643,3224,2,6,25.9,9095958
h-1644,1296,1,17,10.5,3642695
h-1645,742,3,39,19.5,1912031
h-1646,2002,2,23,6.5,5978968
h-1647,3468,4,0,11.2,11042018
h-1648,2159,3,40,26.1,5933484
h-1649,1011,3,40,21.4,2454999
h-1650,2994,5,26,22.0,9405590
h-1651,3368,2,25,1.4,10541087
h-1652,1892,3,6,24.5,5720250
h-1653,791,1,49,12.7,1686686
h-1654,2790,2,24,19.3,7774012
h-1655,887,3,12,20.1,2888992
h-1656,1432,3,25,15.8,4488377
h-1657,1067,3,14,21.0,3271440
h-1658,1110,2,17,6.4,3750484
h-1659,3288,4,2,14.0,10332752
h-1660,2894,5,30,7.5,9608920
h-1661,1097,4,2,24.0,3453331
h-1662,810,1,8,11.4,2599716
h-1663,3942,3,3,23.2,11839063
h-1664,1113,3,20,23.0,2908646
h-1665,552,4,4,9.7,2326305
h-1666,1473,1,34,27.7,3351669
h-1667,3973,1,2,23.8,11595197
h-1668,479,2,8,26.1,810346
h-1669,868,1,5,29.0,2061369
h-1670,2807,4,30,29.0,8235323
h-1671,1831,4,23,18.8,5844087
h-1672,3708,1,24,14.0,10771370
h-1673,3279,1,18,11.5,9486022
h-1674,1663,4,34,12.2,5052664
h-1675,3399,3,34,23.0,9905800
h-1676,1231,4,34,12.0,3954917
h-1677,997,1,30,22.9,1963379
h-1678,537,1,38,1.1,1603743
h-1679,2593,1,27,4.6,7477603
h-1680,2650,2,42,4.7,7895620
h-1681,1626,1,20,24.7,3962972
h-1682,2882,1,5,21.1,8279857
h-1683,915,4,20,4.6,3311603
h-1684,1235,4,6,0.6,4747408
h-1685,2231,3,43,23.5,5921665
h-1686,758,5,31,4.9,3025077
h-1687,1262,4,14,16.9,4004825
h-1688,3272,3,23,19.1,9931403
h-1689,3107,2,31,10.4,9277962
h-1690,3821,1,7,6.2,11678174
h-1691,3845,1,47,20.5,10456717
h-1692,3428,3,45,3.9,10229894
h-1693,1818,2,18,23.1,4897334
h-1694,983,2,38,23.9,2151232
h-1695,1491,3,49,7.7,4307652
h-1696,501,4,26,25.0,1367855
h-1697,2924,5,3,28.6,8868357
h-1698,1260,4,11,15.6,4133090
h-1699,3430,2,21,16.0,10093503
h-1700,2630,2,32,6.6,7922304
h-1701,654,3,38,6.4,2106410
h-1702,1021,2,5,28.6,2589438
h-1703,2054,2,31,13.2,5854297
h-1704,1492,1,42,27.0,3121412
h-1705,1384,2,34,21.2,3623991
h-1706,2436,5,0,2.3,8843702
h-1707,1125,5,31,19.3,3406616
h-1708,3190,2,7,8.9,9613821
h-1709,949,2,48,26.1,1672715
h-1710,1352,1,16,27.1,3120458
h-1711,3389,1,47,2.9,9980963
h-1712,2931,3,23,3.0,9284209
h-1713,1027,4,23,14.3,3401349
h-1714,3485,4,5,13.0,11132043
h-1715,1396,5,2,12.7,4979270
h-1716,3015,4,47,21.7,8823463
h-1717,1924,5,20,16.3,6191138
h-1718,2266,3,42,26.8,6265653
h-1719,1913,1,43,5.3,5614624
h-1720,1518,2,4,20.6,4591144
h-1721,876,5,40,8.7,3332226
h-1722,3900,1,9,10.8,11869506
h-1723,2173,3,23,21.1,6249500
h-1724,3602,1,27,20.2,10157842
h-1725,1598,5,47,1.1,5566909
h-1726,3079,3,41,27.5,8577130
h-1727,3271,1,31,16.5,9278728
h-1728,2840,5,47,20.1,8617348
h-1729,1287,3,17,12.6,4046117
h-1730,3570,3,2,1.4,11853143
h-1731,593,1,43,12.2,1131135
h-1732,2948,1,40,6.7,8594179
h-1733,2158,1,8,1.6,6782886
h-1734,2431,1,47,16.7,6637775
h-1735,3522,4,22,4.4,11174407
h-1736,2957,5,5,22.9,9626544
h-1737,3743,1,41,13.9,10762447
h-1738,851,2,37,7.3,2282027
h-1739,3620,2,33,26.2,10247238
h-1740,1850,2,8,24.8,5209457
h-1741,2123,2,37,9.5,6204717
h-1742,1157,4,2,23.4,3579557
h-1743,3467,5,9,27.9,10415893
h-1744,3677,5,35,26.5,10704873
h-1745,793,3,41,17.0,1957049
h-1746,2351,5,5,14.7,7976857
h-1747,3100,3,19,18.6,9146610
h-1748,3181,5,37,2.0,10310691
h-1749,1725,4,33,12.4,5189919
h-1750,2872,3,29,4.6,9211752
h-1751,2514,4,10,4.7,8424521
h-1752,2940,4,25,26.7,8862943
h-1753,2220,1,26,2.8,6519341
h-1754,2301,3,45,9.5,7083688
h-1755,1804,1,8,0.7,5771621
h-1756,2983,1,12,28.8,7972476
h-1757,2177,4,0,9.5,7461090
h-1758,1479,5,23,0.3,5607357
h-1759,1548,5,27,4.8,5636401
h-1760,1056,1,17,18.5,2504090
h-1761,2175,2,1,7.3,7182251
h-1762,3585,5,41,21.4,10798183
h-1763,3960,4,44,15.7,11653478
h-1764,1568,1,24,19.0,4091733
h-1765,2709,3,36,20.4,7958592
h-1766,1949,4,28,12.4,6060282
h-1767,1301,4,30,4.5,4571601
h-1768,3391,1,49,4.7,9955356
h-1769,2853,4,38,2.7,9094964
h-1770,2457,5,14,4.6,8239358
h-1771,2543,5,26,13.1,8119248
h-1772,3541,2,28,17.7,10174132
h-1773,3529,4,33,26.5,10082639
h-1774,3377,5,7,18.3,10645362
h-1775,3157,3,1,5.1,10358572
h-1776,1123,4,28,17.3,3705821
h-1777,2921,2,34,6.2,8660336
h-1778,431,1,24,6.6,956792
h-1779,2005,1,36,14.1,5392355
h-1780,1790,3,8,24.4,5417843
h-1781,1664,5,8,18.2,5622432
h-1782,1243,3,1,9.0,4409734
h-1783,772,1,24,8.5,1984119
h-1784,3838,5,35,19.6,11662005
h-1785,1826,5,1,19.8,6212798
h-1786,981,1,18,24.3,2213330
h-1787,3315,1,4,16.6,9746894
h-1788,430,3,41,10.3,1299352
h-1789,1045,5,29,19.0,3609290
h-1790,3398,3,43,12.5,9877917
h-1791,3351,3,22,1.9,10870026
h-1792,1772,1,40,14.6,4839778
h-1793,3845,3,46,14.8,11475525
h-1794,2521,3,40,9.0,7715408
h-1795,1965,4,39,14.8,5801740
h-1796,3748,2,49,23.5,10440779
h-1797,2965,2,10,27.2,8405578
h-1798,2770,3,21,12.2,8752941
h-1799,3271,2,3,21.6,9843115
h-1800,810,3,34,5.8,2702148
h-1801,3261,1,32,26.6,8981482
h-1802,670,5,13,2.0,3469105
h-1803,2161,1,24,23.3,5731746
h-1804,2641,3,36,17.6,7608286
h-1805,2227,2,39,5.5,6744204
h-1806,2951,2,35,28.6,8181057
h-1807,2451,4,16,6.6,8167146
h-1808,3843,3,30,21.2,11386303
h-1809,1346,2,3,8.0,4533330
h-1810,2600,1,17,3.7,7705831
h-1811,1863,3,8,11.2,6159950
h-1812,3455,5,4,14.9,10999034
h-1813,1357,5,24,21.6,4160461
h-1814,3456,3,35,11.1,10579562
h-1815,1414,3,3,26.5,3896669
h-1816,2077,2,29,15.4,5948851
h-1817,3155,1,16,26.1,8822225
h-1818,3576,4,23,27.9,10473623
h-1819,3874,5,1,13.1,12769400
h-1820,1485,5,8,16.4,5185339
h-1821,2293,2,32,26.1,6041207
h-1822,3129,4,14,0.7,10453834
h-1823,3949,5,18,0.4,13111323
h-1824,2492,2,26,27.5,6520262
h-1825,3298,4,26,25.6,9618100
h-1826,1183,3,24,2.5,4160007
h-1827,2049,3,28,2.3,6731619
h-1828,3132,3,27,19.8,9067556
h-1829,3094,2,19,25.1,8591626
h-1830,3829,2,49,3.6,11440311
h-1831,1220,5,4,2.1,5032747
h-1832,2298,2,4,21.9,6750726
h-1833,1668,3,48,15.7,4831600
h-1834,1069,4,20,17.0,3345459
h-1835,811,4,42,22.8,1914508
h-1836,2184,5,45,14.0,6675187
h-1837,934,4,19,25.0,2786387
h-1838,2313,3,3,24.5,6720235
h-1839,2998,3,11,27.5,8565835
h-1840,1824,2,19,5.7,5808791
h-1841,882,5,44,22.4,2490206
h-1842,1696,4,4,6.0,5996216
h-1843,3359,5,40,7.4,10792144
h-1844,1985,1,40,0.7,5770468
h-1845,2046,1,7,3.6,6243067
h-1846,3977,4,32,13.5,12191032
h-1847,1270,3,32,7.3,3847960
h-1848,2057,1,22,20.6,5645504
h-1849,2903,3,34,25.3,8371751
h-1850,850,5,37,19.7,2568597
h-1851,1403,2,23,15.3,3779620
h-1852,1123,4,22,12.8,3715427
h-1853,3928,2,14,20.5,11330028
h-1854,1098,5,22,8.3,4036008
h-1855,924,5,11,7.3,3797737
h-1856,2595,2,45,3.1,7550713
h-1857,3120,3,9,2.7,9893557
h-1858,3849,5,41,1.3,12565812
h-1859,2490,2,14,14.8,7232995
h-1860,2216,5,39,18.1,6801549
h-1861,1534,4,4,19.5,4917437
h-1862,876,4,17,5.6,3447517
h-1863,2430,1,31,15.5,6680023
h-1864,3576,3,4,8.8,11077722
h-1865,3520,3,9,1.6,11140871
h-1866,3446,2,46,13.6,9875494
h-1867,3366,1,7,23.3,9424977
h-1868,1695,4,19,28.9,5024930
h-1869,3463,5,5,14.3,11187321
h-1870,1795,2,39,13.5,5075967
h-1871,3569,5,18,16.9,11412495
h-1872,3936,5,25,2.2,12696602
h-1873,1435,2,36,3.7,4263605
h-1874,3672,3,23,9.9,11333624
h-1875,3168,3,46,29.3,8451552
h-1876,468,1,22,24.0,568500
h-1877,3321,1,8,19.4,9651325
h-1878,1183,5,16,24.2,3914522
h-1879,1881,2,5,18.4,5575746
h-1880,1093,5,20,7.9,4255443
h-1881,3331,5,11,11.2,10916825
h-1882,2758,1,0,6.3,8588234
h-1883,1269,4,32,26.0,3594351
h-1884,2293,2,33,26.4,6268981
h-1885,804,2,24,14.8,2373932
h-1886,2321,2,31,10.2,6951605
h-1887,1376,5,46,3.2,4823172
h-1888,1432,2,37,24.7,3648674
h-1889,3945,1,21,4.7,11621764
h-1890,2824,3,3,10.4,8971646
h-1891,1963,2,21,10.9,5966310
h-1892,1961,3,22,19.8,5537863
h-1893,2819,1,21,10.7,8364853
h-1894,2987,3,5,6.9,9832552
h-1895,1332,4,26,12.4,4296544
h-1896,3493,5,9,13.6,11498787
h-1897,1795,5,43,9.3,5758585
h-1898,416,5,38,20.3,1579111
h-1899,1231,4,36,14.2,3634154
h-1900,3048,1,5,17.7,9036558
h-1901,1207,4,5,0.6,4956246
h-1902,3683,4,46,23.7,10902871
h-1903,2769,2,37,24.7,7740026
h-1904,2475,2,39,9.7,7037941
h-1905,2758,3,23,24.3,7817208
h-1906,599,5,22,19.8,2000830
h-1907,3999,4,45,14.3,12100829
h-1908,3622,3,37,13.2,10642272
h-1909,836,1,48,1.3,2241517
h-1910,548,4,11,16.8,1973603
h-1911,3348,5,36,14.2,10460018
h-1912,1682,4,25,13.2,5610416
h-1913,408,4,12,13.7,1714399
h-1914,3261,3,39,16.5,9684447
h-1915,3612,1,34,8.3,10533710
h-1916,901,5,23,5.0,3521827
h-1917,427,2,1,10.4,1412830
h-1918,2741,2,47,28.5,7317196
h-1919,3661,5,43,14.7,11091807
h-1920,1768,3,42,0.2,5696906
h-1921,1791,3,15,24.4,5222159
h-1922,2782,5,39,16.4,8640509
h-1923,3486,4,3,9.7,11329948
h-1924,3188,2,2,26.3,9212885
h-1925,1167,1,32,14.7,2730761
h-1926,1465,3,29,8.3,4531577
h-1927,3997,3,40,13.6,11977449
h-1928,1618,3,20,19.6,4689131
h-1929,3248,4,43,24.0,9283969
h-1930,1779,5,2,24.7,5928385
h-1931,2224,4,9,23.3,6664055
h-1932,679,4,38,3.3,2572361
h-1933,989,5,35,6.9,3533692
h-1934,3556,4,26,0.4,11574951
h-1935,757,1,25,15.6,1949976
h-1936,1821,3,32,1.9,5812151
h-1937,1050,3,36,10.8,3148346
h-1938,1310,2,0,27.6,3821064
h-1939,976,2,2,10.8,3439264
h-1940,3597,3,21,4.2,11453473
h-1941,1760,3,11,8.6,5710244
h-1942,1720,1,27,1.6,5106381
h-1943,2074,1,16,17.7,5891451
h-1944,2815,2,41,17.7,7927588
h-1945,969,2,41,14.8,2262909
h-1946,494,2,37,17.7,881551
h-1947,2279,5,32,20.9,6948089
h-1948,922,1,33,19.7,2111944
h-1949,933,4,2,10.1,3376239
h-1950,731,2,10,1.6,2571723
h-1951,709,1,12,27.7,1164742
h-1952,3349,1,32,28.0,9066990
h-1953,2450,2,38,20.8,6745713
h-1954,2461,3,33,29.4,6823872
h-1955,1554,5,45,28.4,4421961
h-1956,425,3,39,17.2,998141
h-1957,3915,5,0,0.5,13193223
h-1958,1721,5,36,29.1,4737869
h-1959,3663,3,46,10.2,10946761
h-1960,3586,2,42,9.4,10551758
h-1961,3071,1,18,28.6,8100701
h-1962,3249,2,3,25.1,9320065
h-1963,3615,4,28,0.3,11776788
h-1964,552,1,10,20.4,1160799
h-1965,2063,2,32,28.4,5418191
h-1966,3346,3,26,19.5,9803653
h-1967,985,4,2,14.9,3665652
h-1968,3666,5,5,5.6,12228031
h-1969,3555,4,12,29.3,10759772
h-1970,3938,5,23,22.3,12298462
h-1971,3262,4,16,10.0,10274859
h-1972,1838,5,0,6.3,6804441
h-1973,3648,1,38,27.7,9875133
h-1974,3766,2,16,10.7,11554672
h-1975,767,3,31,19.9,2015347
h-1976,1516,4,5,20.3,4975621
h-1977,3986,4,8,15.2,12395823
h-1978,1325,1,37,1.1,3671925
h-1979,3846,5,41,3.7,12259103
h-1980,3091,3,22,18.7,9395730
h-1981,3261,2,38,1.1,9908959
h-1982,420,5,42,1.8,2284616
h-1983,3802,2,35,15.1,10827539
h-1984,549,5,35,29.3,1372226
h-1985,1074,1,23,27.4,2496507
h-1986,2624,1,5,14.8,7501675
h-1987,3372,2,29,7.7,10184608
h-1988,1381,1,35,3.4,3767052
h-1989,2071,5,5,9.9,7238950
h-1990,3903,1,27,15.4,11377418
h-1991,3944,2,42,29.7,10940319
h-1992,2357,2,10,8.3,7283015
h-1993,2205,4,48,8.1,6700242
h-1994,3319,2,49,10.4,9739327
h-1995,3196,4,25,23.0,9367638
h-1996,3336,3,0,10.1,10755234
h-1997,779,4,15,12.0,2696923
h-1998,2980,4,33,0.9,9418323
h-1999,1017,5,33,7.6,3954382
h-2000,2336,3,30,19.7,6846580
h-2001,3198,5,15,17.0,10239206
h-2002,2118,1,49,6.4,5641833
h-2003,2176,5,37,12.3,7075907
h-2004,2841,5,2,29.8,8971607
h-2005,883,1,9,19.0,2331686
h-2006,2718,2,33,6.8,7932145
h-2007,1676,1,32,4.5,5083340
h-2008,3224,5,4,5.5,10880412
h-2009,1604,2,13,7.1,4862121
h-2010,717,2,21,0.9,2603533
h-2011,1939,1,45,20.2,4940510
h-2012,2365,3,35,20.2,6970189
h-2013,3657,3,7,18.4,11251564
h-2014,1316,2,36,4.2,4060485
h-2015,429,2,4,24.3,1216791
h-2016,1525,4,17,14.1,5156313
h-2017,500,2,8,7.1,1644062
h-2018,2454,1,23,1.0,7409607
h-2019,3111,2,23,7.2,9491068
h-2020,1583,3,48,4.8,5017541
h-2021,1227,4,20,6.0,4510697
h-2022,1625,1,9,24.6,4362117
h-2023,2984,4,45,1.2,9257995
h-2024,600,5,47,4.7,2505140
h-2025,2820,3,44,7.4,8519375
h-2026,3224,2,1,6.3,9916330
h-2027,3412,2,18,28.4,9536809
h-2028,1130,3,22,28.0,2999823
h-2029,3906,2,12,11.8,11954615
h-2030,3384,2,42,27.1,8969587
h-2031,587,1,12,10.2,1520116
h-2032,1622,1,18,3.9,5139179
h-2033,2764,3,39,23.2,7806485
h-2034,1544,2,26,9.1,4593492
h-2035,784,2,20,20.4,1796181
h-2036,2257,1,19,14.6,6349854
h-2037,1522,5,25,1.2,5849296
h-2038,860,2,14,20.2,2265135
h-2039,2201,2,27,27.4,6036318
h-2040,1416,2,24,19.8,3879962
h-2041,1199,3,42,2.2,4033809
h-2042,2733,4,25,12.2,8648257
h-2043,2689,3,4,22.3,7974085
h-2044,972,4,36,1.8,3410962
h-2045,3122,2,22,6.6,9464442
h-2046,1068,1,16,25.1,2680469
h-2047,3446,2,47,6.1,10186496
h-2048,2189,4,5,4.3,7646578
h-2049,2130,2,27,13.9,6368000
h-2050,1870,2,3,13.6,5832740
h-2051,3606,2,29,5.1,10881373
h-2052,1181,3,33,4.4,3704529
h-2053,420,4,41,8.8,1764072
h-2054,3115,2,15,8.0,9323684
h-2055,3309,2,10,10.5,10275708
h-2056,2338,4,45,4.8,7585851
h-2057,548,2,15,21.4,1332544
h-2058,2818,1,38,23.8,7331768
h-2059,1396,2,40,26.0,3263060
h-2060,2262,4,46,17.1,6487456
h-2061,1830,1,37,3.2,5349529
h-2062,1010,4,17,7.7,3873107
h-2063,2988,2,25,23.9,8374015
h-2064,2149,5,6,1.6,7966792
h-2065,3171,3,10,15.8,9888604
h-2066,1990,3,3,19.9,6141962
h-2067,1879,2,38,25.7,4658383
h-2068,2383,4,10,14.4,7804768
h-2069,3330,4,42,22.6,9619054
h-2070,2268,1,18,16.0,6594170
h-2071,3388,3,47,15.2,9960181
h-2072,2006,4,8,25.3,6375264
h-2073,1539,2,29,20.2,4106767
h-2074,2236,4,31,13.4,6746831
h-2075,2995,3,24,6.1,9235267
h-2076,3146,2,33,6.6,9283820
h-2077,1561,3,29,24.1,4323625
h-2078,632,3,2,24.0,2077012
h-2079,889,1,48,10.8,1984273
h-2080,3870,5,43,4.4,12245594
h-2081,602,4,4,18.2,2349860
h-2082,2519,2,24,5.0,7855780
h-2083,1444,1,1,26.8,3830707
h-2084,2596,3,45,6.3,7772573
h-2085,3178,5,9,11.7,10366827
h-2086,3281,4,40,25.3,9259483
h-2087,3997,1,2,1.3,12598593
h-2088,3943,2,25,15.7,11714298
h-2089,1172,3,40,28.0,2663285
h-2090,2270,1,28,1.0,6734533
h-2091,1187,5,26,1.8,4698044
h-2092,2594,5,41,16.2,7988457
h-2093,2320,5,31,19.1,7472345
h-2094,1576,5,42,0.2,5340961
h-2095,3958,5,31,27.5,11636389
h-2096,3524,2,31,21.2,9859902
h-2097,2342,5,14,4.5,8245985
h-2098,2945,3,7,22.4,8800420
h-2099,2001,1,48,2.4,5880938
h-2100,504,1,15,20.8,965259
h-2101,2356,4,43,6.1,7607978
h-2102,1873,1,46,25.2,4560168
h-2103,872,4,33,6.0,2915233
h-2104,3542,2,10,26.9,9939962
h-2105,704,1,7,10.4,2110360
h-2106,829,4,43,15.9,2223117
h-2107,1580,4,30,28.9,4367160
h-2108,3620,4,17,7.4,11652275
h-2109,439,1,43,5.6,869503
h-2110,3670,3,9,4.3,11672993
h-2111,701,1,44,7.3,1593317
h-2112,2257,4,0,6.3,7765734
h-2113,3016,4,15,5.2,9649899
h-2114,1386,1,7,3.6,4335850
h-2115,2071,2,37,22.0,5596919
h-2116,1351,3,20,3.3,4399947
h-2117,1790,1,26,26.3,4445086
h-2118,3429,1,8,18.3,10070224
h-2119,3967,4,26,1.0,12875807
h-2120,2113,1,18,9.5,6432567
h-2121,2492,2,22,22.9,6825684
h-2122,953,2,16,6.7,3292279
h-2123,3623,5,42,26.9,10802086
h-2124,1626,2,25,0.7,4992687
h-2125,1804,3,38,28.3,4728697
h-2126,743,2,4,2.9,2771036
h-2127,2739,2,22,23.2,7829823
h-2128,659,2,45,14.3,1328817
h-2129,522,5,37,29.3,1092808
h-2130,3164,4,48,2.1,9870534
h-2131,1195,1,33,4.5,3621161
h-2132,1796,2,7,6.9,5715722
h-2133,3336,3,7,29.5,9482229
h-2134,1326,2,1,12.8,4446935
h-2135,980,3,9,2.4,3671518
h-2136,3493,3,45,4.3,10869639
h-2137,1036,1,27,14.7,2366270
h-2138,1809,3,9,26.7,5115742
h-2139,1001,5,41,29.3,2578967
h-2140,1732,5,4,11.4,6301556
h-2141,1518,3,39,15.2,4133478
h-2142,940,4,20,11.6,3075274
h-2143,1804,3,21,6.3,6047158
h-2144,3219,2,26,10.8,9470297
h-2145,938,1,33,17.7,2104987
h-2146,2112,2,19,28.4,5821746
h-2147,523,2,22,26.2,1065140
h-2148,3857,2,26,18.2,11445784
h-2149,3116,1,44,9.6,8602699
h-2150,3631,4,47,25.5,10181899
h-2151,475,1,38,4.7,1409560
h-2152,3106,5,9,29.9,9278555
h-2153,3638,3,8,1.2,11568682
h-2154,3708,1,37,29.2,9918537
h-2155,1920,4,9,9.6,6605644
h-2156,2058,2,28,0.2,6615156
h-2157,2117,3,15,9.1,6768613
h-2158,957,5,12,15.5,3763133
h-2159,1218,1,48,20.3,2457568
h-2160,2690,1,5,12.3,7783055
h-2161,1671,1,43,15.6,4418461
h-2162,2201,2,15,9.6,6702498
h-2163,2986,1,15,8.5,8992574
h-2164,1745,3,15,19.3,5196271
h-2165,629,5,21,20.3,2347277
h-2166,1796,1,28,12.0,4824553
h-2167,2961,2,17,24.7,8209441
h-2168,698,2,19,20.1,1893217
h-2169,1912,5,3,2.0,7331354
h-2170,2866,2,0,12.4,8729209
h-2171,2647,5,8,29.4,7984590
h-2172,1002,2,6,17.1,2772025
h-2173,2915,2,28,2.5,8913806
h-2174,1394,3,35,27.0,3691229
h-2175,1186,4,15,19.8,3807650
h-2176,613,3,28,10.3,2164394
h-2177,2367,4,35,29.7,6396603
h-2178,1804,2,30,8.0,5406975
h-2179,3680,5,37,3.3,11999070
h-2180,2240,4,21,2.0,7384785
h-2181,2581,4,2,29.7,7990454
h-2182,2387,1,22,3.5,7369088
h-2183,2689,2,38,19.1,7506507
h-2184,837,5,45,0.7,3380489
h-2185,3534,4,31,8.5,11007745
h-2186,3923,2,49,1.3,11857572
h-2187,3579,3,40,11.0,10721645
h-2188,3658,5,30,9.6,11454958
h-2189,488,4,30,8.2,2017790
h-2190,2150,1,37,6.9,6091383
h-2191,994,5,13,4.3,4189946
h-2192,2038,3,35,13.8,5988712
h-2193,961,3,7,8.2,3696479
h-2194,1431,4,2,10.6,5148095
h-2195,3097,3,29,26.4,8642283
h-2196,2999,1,10,7.3,8994856
h-2197,3266,5,20,7.0,10884489
h-2198,1963,2,29,3.4,6142264
h-2199,624,1,18,3.7,1859906
h-2200,2667,5,20,21.4,8549165
h-2201,2854,3,47,15.9,7986179
h-2202,1313,1,49,23.4,2711678
h-2203,1587,1,47,19.2,3827578
h-2204,1662,1,30,23.5,3893057
h-2205,3208,5,12,3.1,10911292
h-2206,653,5,42,14.0,2421205
h-2207,1811,1,21,24.4,4450311
h-2208,1574,4,18,21.4,4978030
h-2209,3134,4,3,2.4,10535027
h-2210,3722,1,11,24.3,10489647
h-2211,2092,1,28,15.3,5714650
h-2212,930,2,38,23.2,2277313
h-2213,1137,4,28,2.0,4183600
h-2214,508,5,26,7.1,2435233
h-2215,408,1,45,5.4,1021145
h-2216,589,5,24,10.1,2343253
h-2217,1714,1,11,6.4,5225034
h-2218,1927,4,17,12.9,6481680
h-2219,3391,4,17,24.9,10247944
h-2220,3697,5,27,26.5,10943316
h-2221,2677,3,48,14.5,7947103
h-2222,2747,4,9,16.7,8485137
h-2223,2465,4,28,21.9,7380079
h-2224,3702,1,29,22.1,10276361
h-2225,2578,3,48,23.3,7302468
h-2226,580,4,13,14.6,2203828
h-2227,1911,4,42,11.3,6040590
h-2228,446,4,18,17.5,1804981
h-2229,1201,3,37,12.8,3392780
h-2230,1893,2,1,15.7,5765963
h-2231,2478,1,15,4.2,7544357
h-2232,3549,2,1,26.4,10129375
h-2233,2106,5,42,2.4,7067223
h-2234,2278,5,6,1.8,8355510
h-2235,3101,3,10,27.1,9266307
h-2236,710,4,34,14.8,2200282
h-2237,2237,3,35,6.5,6836899
h-2238,2156,2,0,11.3,6805927
h-2239,3144,4,39,12.5,9846016
h-2240,3115,3,17,23.9,9230801
h-2241,2566,5,11,13.8,8250814
h-2242,1710,4,12,7.9,5756851
h-2243,2517,3,4,19.9,7707860
h-2244,735,5,19,29.8,2407947
h-2245,1911,1,37,21.6,4942888
h-2246,1534,5,26,22.6,4847787
h-2247,3792,1,32,26.6,10543513
h-2248,2139,2,38,3.4,6570997
h-2249,606,1,41,23.5,772962
h-2250,3397,1,24,16.3,9688535
h-2251,1084,4,40,17.5,2955930
h-2252,1675,5,41,4.2,5630100
h-2253,2679,4,48,15.1,8146534
h-2254,2090,2,21,25.1,5751672
h-2255,607,2,4,18.6,1605423
h-2256,2328,4,44,26.5,6294055
h-2257,1544,5,17,25.6,5011596
h-2258,3696,3,3,1.6,11876501
h-2259,3131,2,1,17.3,9587595
h-2260,1227,2,21,10.0,3672602
h-2261,2106,3,46,15.0,6069979
h-2262,2055,5,13,21.3,6863902
h-2263,796,2,3,7.0,2862854
h-2264,2524,4,35,17.3,7621202
h-2265,3266,3,28,22.1,9423869
h-2266,638,1,12,7.4,2167767
h-2267,862,2,2,22.0,2366259
h-2268,2654,1,4,8.1,8059221
h-2269,3738,2,5,26.2,10752151
h-2270,2685,3,4,24.1,7781080
h-2271,436,5,22,17.5,1817813
h-2272,3926,5,14,24.4,11927249
h-2273,2797,5,11,12.8,9213503
h-2274,1681,2,27,1.8,5445029
h-2275,3424,1,43,1.8,10240964
h-2276,2322,3,24,25.9,6688226
h-2277,1647,1,20,0.3,4940532
h-2278,3809,1,5,19.4,10893150
h-2279,1750,4,23,18.0,5520709
h-2280,949,5,46,11.9,2972918
h-2281,3983,4,4,4.4,13070518
h-2282,1663,1,28,3.7,4834808
h-2283,2296,5,23,20.0,7159309
h-2284,3157,1,31,22.9,8350733
h-2285,2530,3,45,15.1,7235448
h-2286,1856,1,33,0.7,5485204
h-2287,1957,1,49,12.0,5345517
h-2288,1555,4,5,10.4,5178471
h-2289,1570,5,12,21.5,5201201
h-2290,2976,5,3,7.0,10046695
h-2291,2486,1,12,20.1,6748630
h-2292,1604,2,30,22.5,4339151
h-2293,2967,3,27,18.8,8634734
h-2294,1501,4,5,18.3,4716641
h-2295,2491,1,45,27.3,6040884
h-2296,1262,5,27,17.2,4041811
h-2297,3748,1,0,9.5,11452109
h-2298,855,2,22,7.8,2877842
h-2299,3422,5,43,18.4,10465438
h-2300,3306,2,35,14.3,9736116
h-2301,3250,3,48,18.6,9504345
h-2302,922,1,48,23.4,1710263
h-2303,1223,2,32,11.3,3441548
h-2304,2385,5,3,20.3,7762198
h-2305,1370,4,45,4.5,4333407
h-2306,2764,5,30,23.3,8394580
h-2307,711,3,47,23.7,1722262
h-2308,3322,2,42,9.5,9711760
h-2309,929,2,3,23.5,2383698
h-2310,569,1,49,30.0,441693
h-2311,623,3,30,0.4,2274200
h-2312,1807,1,22,20.0,5001171
h-2313,3876,5,14,0.7,12687710
h-2314,3981,2,33,24.1,11312411
h-2315,1065,2,41,19.5,2340133
h-2316,881,1,32,12.8,2140824
h-2317,2878,5,20,28.6,8491835
h-2318,2509,3,7,4.5,8057447
h-2319,497,5,1,7.9,2702003
h-2320,1888,1,19,3.6,5706067
h-2321,3403,1,45,2.8,9726201
h-2322,1827,1,17,3.5,5834441
h-2323,588,5,10,16.4,2696659
h-2324,2109,1,31,15.1,5625722
h-2325,1989,1,3,17.0,5837214
h-2326,3169,3,27,15.1,9455881
h-2327,3086,1,32,29.5,8132827
h-2328,2819,5,13,25.9,8642056
h-2329,3492,4,17,15.8,10870912
h-2330,1255,5,48,10.2,4378024
h-2331,3002,2,26,19.1,8843588
h-2332,534,4,21,18.1,1985731
h-2333,1554,4,48,11.9,4793134
h-2334,3501,3,13,6.4,11200784
h-2335,1739,3,8,3.0,5827542
h-2336,2500,1,9,18.2,7068313
h-2337,1006,2,24,6.5,3032458
h-2338,2664,5,1,6.6,8978474
h-2339,3622,1,22,6.1,10922356
h-2340,561,4,37,17.7,1814994
h-2341,1241,3,20,25.4,3389512
h-2342,1256,4,6,19.5,4241284
h-2343,1792,1,9,5.0,5464995
h-2344,469,5,23,20.1,1844866
h-2345,1821,5,47,1.3,6450750
h-2346,2751,1,6,22.0,7749158
h-2347,2649,4,4,23.9,8218732
h-2348,980,5,4,16.0,3853714
h-2349,1922,5,30,26.3,5594414
h-2350,3553,1,15,2.3,11062560
h-2351,1669,4,17,14.9,5449745
h-2352,2935,3,40,27.6,8134840
h-2353,2380,2,24,29.4,6388025
h-2354,1128,2,28,16.2,2840051
h-2355,885,3,39,6.9,2839582
h-2356,1888,3,39,25.1,4912803
h-2357,1645,2,49,12.9,4580529
h-2358,2432,4,31,18.3,7395204
h-2359,3588,2,44,16.2,10298132
h-2360,3751,1,43,16.6,10293477
h-2361,3677,1,31,14.6,10458796
h-2362,3223,3,1,20.7,10030882
h-2363,1639,4,25,21.8,4675724
h-2364,945,4,30,10.6,3435897
h-2365,2081,4,10,4.2,7305730
h-2366,3812,2,31,6.9,11209881
h-2367,3128,3,46,27.2,8570023
h-2368,1551,4,12,22.2,4741460
h-2369,3490,4,45,17.2,10532889
h-2370,3980,5,1,29.6,12039914
h-2371,1239,3,5,16.7,3931158
h-2372,3060,5,26,21.9,9267257
h-2373,1824,2,40,13.6,5027989
h-2374,2081,5,47,27.0,5921471
h-2375,495,1,34,15.9,892858
h-2376,3543,1,35,28.8,9622772
h-2377,3840,5,22,1.0,12470380
h-2378,1064,1,23,2.0,3047447
h-2379,2646,3,0,3.1,8775045
h-2380,2348,2,8,20.6,6697602
h-2381,2234,2,12,2.1,7173990
h-2382,2349,5,19,24.9,7042031
h-2383,3381,4,39,7.0,10399178
h-2384,3779,1,41,16.4,10508457
h-2385,2029,1,24,0.5,6005876
h-2386,1934,4,11,13.3,6338448
h-2387,852,1,11,24.8,1845148
h-2388,2872,5,3,18.6,9364565
h-2389,2755,1,25,12.5,7724568
h-2390,859,3,37,21.1,2187097
h-2391,3964,1,36,27.9,10585002
h-2392,1319,5,35,20.7,4263589
h-2393,1739,1,12,28.5,4253615
h-2394,986,2,25,19.8,2568361
h-2395,643,4,15,7.8,2711092
h-2396,1989,2,9,3.3,6401175
h-2397,982,1,5,0.1,3366881
h-2398,3264,4,17,19.7,10092583
h-2399,894,4,16,5.6,3422352
h-2400,2440,5,44,15.8,7412182
h-2401,2506,4,47,17.9,7397974
h-2402,3537,5,25,17.0,10911353
h-2403,3691,2,37,16.0,10730331
h-2404,2556,5,36,6.2,8331054
h-2405,461,5,48,26.1,1101584
h-2406,3242,3,45,22.4,9271583
h-2407,3837,1,16,15.0,11029208
h-2408,3379,4,48,7.3,10538489
h-2409,3455,2,43,24.5,9297851
h-2410,2161,1,4,2.3,6922410
h-2411,3483,4,30,6.1,10770494
h-2412,3771,4,49,2.3,11853449
h-2413,3892,1,25,8.9,11261573
h-2414,1943,4,23,25.3,5763802
h-2415,716,3,44,25.7,1336571
h-2416,2593,2,19,16.8,7489395
h-2417,3201,3,19,6.2,9979514
h-2418,1484,4,21,4.9,5302017
h-2419,3838,4,2,3.4,12823123
h-2420,3032,5,30,4.0,9944250
h-2421,2667,4,2,28.2,8093855
h-2422,2201,2,22,15.8,6361023
h-2423,1128,3,10,0.9,4087672
h-2424,2632,4,22,9.0,8493274
h-2425,1129,3,19,2.8,3974208
h-2426,2689,3,39,12.9,8175390
h-2427,649,4,22,28.9,1773236
h-2428,3436,1,44,13.5,9768132
h-2429,3228,4,5,10.5,10626390
h-2430,3941,1,47,10.1,10973794
h-2431,2293,1,19,15.8,6350066
h-2432,3613,5,42,3.4,11483501
h-2433,2606,2,44,7.1,7632106
h-2434,3685,4,15,25.4,11018872
h-2435,508,3,3,3.5,2423684
h-2436,2993,2,38,7.7,8738620
h-2437,758,5,0,29.8,2686736
h-2438,3909,3,8,7.2,12347249
h-2439,2590,2,22,4.9,7776643
h-2440,1093,4,37,24.3,3056663
h-2441,1323,1,49,25.8,2480940
h-2442,2452,3,46,1.8,7642005
h-2443,1152,5,48,5.3,4075652
h-2444,2129,2,28,25.2,5617258
h-2445,1682,2,23,3.3,5505837
h-2446,3109,4,40,2.1,9735908
h-2447,2049,4,6,29.5,6000947
h-2448,3099,1,49,29.5,7679149
h-2449,612,5,9,17.1,2717161
h-2450,2175,4,13,27.0,6549135
h-2451,1366,3,7,4.8,4640484
h-2452,1292,1,49,28.6,2382137
h-2453,762,2,26,5.2,2378103
h-2454,1970,4,31,23.8,5723473
h-2455,2173,3,17,1.4,7088394
h-2456,2482,3,14,15.8,7486102
h-2457,3020,1,11,10.4,9050519
h-2458,2243,5,20,1.9,7965541
h-2459,1344,4,32,0.9,4771899
h-2460,3020,3,5,15.3,9504130
h-2461,2492,5,1,21.3,7961526
h-2462,2557,4,11,8.8,8280296
h-2463,3210,2,23,4.8,9868583
h-2464,3478,5,19,0.3,11843825
h-2465,1787,5,30,3.6,6117579
h-2466,2465,1,32,27.2,6389861
h-2467,1542,5,8,25.7,5000876
h-2468,3392,2,12,28.0,9795575
h-2469,3475,5,41,11.3,11055079
h-2470,1683,5,23,23.5,5422211
h-2471,3932,3,4,27.4,11449498
h-2472,2346,3,44,6.2,7081825
h-2473,1975,2,22,13.9,5889797
h-2474,3509,5,21,12.0,11480101
h-2475,577,2,32,19.3,1154697
h-2476,3100,3,10,8.6,9767097
h-2477,2420,2,42,2.3,7510223
h-2478,578,1,29,17.5,872422
h-2479,2565,4,22,14.4,7987812
h-2480,1690,1,5,20.4,4612026
h-2481,1805,4,23,8.3,6088926
h-2482,1320,5,1,13.8,4662369
h-2483,3559,1,26,27.5,9730189
h-2484,3107,2,6,4.1,10014525
h-2485,1121,5,45,20.7,3180815
h-2486,1859,3,2,10.3,6136695
h-2487,3754,4,4,21.1,11617151
h-2488,3344,2,2,18.7,10020790
h-2489,2823,3,3,21.4,8695855
h-2490,672,5,12,28.0,2421580
h-2491,3446,3,49,2.9,10406168
h-2492,3733,3,15,13.3,11628569
h-2493,3312,4,19,9.2,10685892
h-2494,3094,5,42,4.5,9978719
h-2495,1141,5,26,10.7,4192722
h-2496,3180,4,13,25.6,9408177
h-2497,2875,3,26,10.9,9033641
h-2498,3124,2,46,6.3,9148531
h-2499,2404,1,22,27.0,6443601
